PassengerId,Survived,Pclass,Name,Sex,Age,SibSp,Parch,Fare,Embarked
1,0,3,"Braund, Mr. Owen Harris",0,0.2711736617240512,0.125,0.0,0.014151057562208049,1
2,1,1,"Cumings, Mrs. John Bradley (Florence Briggs Thayer)",1,0.4722292033174164,0.125,0.0,0.13913573538264068,2
3,1,3,"Heikkinen, Miss. Laina",1,0.32143754712239253,0.0,0.0,0.015468569817999833,1
4,1,1,"Futrelle, Mrs. Jacques Heath (Lily May Peel)",1,0.4345312892686604,0.125,0.0,0.10364429745562033,1
5,0,3,"Allen, Mr. William Henry",0,0.4345312892686604,0.0,0.0,0.015712553569072387,1
6,0,3,"Moran, Mr. James",0,0.34656948982156316,0.0,0.0,0.01650950209357577,3
7,0,1,"McCarthy, Mr. Timothy J",0,0.6732847449107816,0.0,0.0,0.10122885832000206,1
8,0,3,"Palsson, Master. Gosta Leonard",0,0.01985423473234481,0.375,0.16666666666666666,0.04113566043083236,1
9,1,3,"Johnson, Mrs. Oscar W (Elisabeth Vilhelmina Berg)",1,0.33400351847197784,0.0,0.3333333333333333,0.021730754366528396,1
10,1,2,"Nasser, Mrs. Nicholas (Adele Achem)",1,0.17064589092736868,0.125,0.0,0.058694292654020104,2
11,1,3,"Sandstrom, Miss. Marguerite Rut",1,0.04498617743151546,0.125,0.16666666666666666,0.03259622914329302,1
12,1,1,"Bonnell, Miss. Elizabeth",1,0.723548630309123,0.0,0.0,0.051822148727810165,1
13,0,3,"Saundercock, Mr. William Henry",0,0.24604171902488062,0.0,0.0,0.015712553569072387,1
14,0,3,"Andersson, Mr. Anders Johan",0,0.4847951746670017,0.125,0.8333333333333333,0.06104473451835265,1
15,0,3,"Vestrom, Miss. Hulda Amanda Adolfina",1,0.17064589092736868,0.0,0.0,0.015330377421392339,1
16,1,2,"Hewlett, Mrs. (Mary D Kingcome) ",1,0.685850716260367,0.0,0.0,0.03122992013728673,1
17,0,3,"Rice, Master. Eugene",0,0.01985423473234481,0.5,0.16666666666666666,0.05684821399990475,3
18,1,2,"Williams, Mr. Charles Eugene",0,0.34656948982156316,0.0,0.0,0.025374310111545468,1
19,0,3,"Vander Planke, Mrs. Julius (Emelia Maria Vandemoortele)",1,0.38426740387031916,0.125,0.0,0.03513366015444757,1
20,1,3,"Masselmani, Mrs. Fatima",1,0.34656948982156316,0.0,0.0,0.014102260811993537,2
21,0,2,"Fynney, Mr. Joseph J",0,0.4345312892686604,0.0,0.0,0.050748620223090936,1
22,1,2,"Beesley, Mr. Lawrence",0,0.4219653179190751,0.0,0.0,0.025374310111545468,1
23,1,3,"McGowan, Miss. Anna ""Annie""",1,0.18321186227695402,0.0,0.0,0.015671954672893913,3
24,1,1,"Sloper, Mr. William Thompson",0,0.34656948982156316,0.0,0.0,0.06929138530460494,1
25,0,3,"Palsson, Miss. Torborg Danira",1,0.09525006282985675,0.375,0.16666666666666666,0.04113566043083236,1
26,1,3,"Asplund, Mrs. Carl Oscar (Selma Augusta Emilia Johansson)",1,0.4722292033174164,0.125,0.8333333333333333,0.06126431989431795,1
27,0,3,"Emir, Mr. Farred Chehab",0,0.34656948982156316,0.0,0.0,0.014102260811993537,2
28,0,1,"Fortune, Mr. Charles Alexander",0,0.2334757476752953,0.375,0.3333333333333333,0.5133418122566507,1
29,1,3,"O'Dwyer, Miss. Ellen ""Nellie""",1,0.34656948982156316,0.0,0.0,0.01537917417160685,3
30,0,3,"Todoroff, Mr. Lalio",0,0.34656948982156316,0.0,0.0,0.015411575213749286,1
31,0,1,"Uruchurtu, Don. Manuel E",0,0.49736114601658704,0.0,0.0,0.05410739813385612,2
32,1,1,"Spencer, Mrs. William Augustus (Marie Eugenie)",1,0.34656948982156316,0.125,0.0,0.2859895551532101,2
33,1,3,"Glynn, Miss. Mary Agatha",1,0.34656948982156316,0.0,0.0,0.015126992566498259,3
34,0,2,"Wheadon, Mr. Edward H",0,0.8240764011058055,0.0,0.0,0.020494635090094415,1
35,0,1,"Meyer, Mr. Edgar Joseph",0,0.34656948982156316,0.125,0.0,0.16038672010106003,2
36,0,1,"Holverson, Mr. Alexander Oskar",0,0.5224930887157577,0.125,0.0,0.10149724044618187,1
37,1,3,"Mamee, Mr. Hanna",0,0.34656948982156316,0.0,0.0,0.014110458666029575,2
38,0,3,"Cann, Mr. Ernest Charles",0,0.2586076903744659,0.0,0.0,0.015712553569072387,1
39,0,3,"Vander Planke, Miss. Augusta Maria",1,0.22090977632571,0.25,0.0,0.03513366015444757,1
40,1,3,"Nicola-Yarred, Miss. Jamila",1,0.17064589092736868,0.125,0.0,0.021942337075458514,2
41,0,3,"Ahlin, Mrs. Johan (Johanna Persdotter Larsson)",1,0.49736114601658704,0.125,0.0,0.018493968331299484,1
42,0,2,"Turpin, Mrs. William John Robert (Dorothy Ann Wonnacott)",1,0.33400351847197784,0.125,0.0,0.04098927018018883,1
43,0,3,"Kraeff, Mr. Theodor",0,0.34656948982156316,0.0,0.0,0.015411575213749286,2
44,1,2,"Laroche, Miss. Simonne Marie Anne Andree",1,0.032420206081930136,0.125,0.3333333333333333,0.08115719346076702,2
45,1,3,"Devaney, Miss. Margaret Delia",1,0.2334757476752953,0.0,0.0,0.01537917417160685,3
46,0,3,"Rogers, Mr. William John",0,0.34656948982156316,0.0,0.0,0.015712553569072387,1
47,0,3,"Lennon, Mr. Denis",0,0.34656948982156316,0.125,0.0,0.030253985132996517,3
48,1,3,"O'Driscoll, Miss. Bridget",1,0.34656948982156316,0.0,0.0,0.015126992566498259,3
49,0,3,"Samaan, Mr. Youssef",0,0.34656948982156316,0.25,0.0,0.04231498029001666,2
50,0,3,"Arnold-Franchi, Mrs. Josef (Josefine Franchi)",1,0.22090977632571,0.125,0.0,0.034743286152731485,1
51,0,3,"Panula, Master. Juha Niilo",0,0.08268409148027142,0.5,0.16666666666666666,0.07746484096553544,1
52,0,3,"Nosworthy, Mr. Richard Cater",0,0.2586076903744659,0.0,0.0,0.01522458606692728,1
53,1,1,"Harper, Mrs. Henry Sleeper (Myna Haxtun)",1,0.610454888162855,0.125,0.0,0.1497654242623688,2
54,1,2,"Faunthorpe, Mrs. Lizzie (Elizabeth Anne Wilkinson)",1,0.35913546117114853,0.125,0.0,0.050748620223090936,1
55,0,1,"Ostby, Mr. Engelhart Cornelius",0,0.8115104297562202,0.0,0.16666666666666666,0.1209753416358076,2
56,1,1,"Woolner, Mr. Hugh",0,0.34656948982156316,0.0,0.0,0.06929138530460494,1
57,1,2,"Rugg, Miss. Emily",1,0.2586076903744659,0.0,0.0,0.020494635090094415,1
58,0,3,"Novel, Mr. Mansouer",0,0.35285247549635584,0.0,0.0,0.014110458666029575,2
59,1,2,"West, Miss. Constance Mirium",1,0.05755214878110078,0.125,0.3333333333333333,0.05416439273810667,1
60,0,3,"Goodwin, Master. William Frederick",0,0.1329479768786127,0.625,0.3333333333333333,0.09154270340242172,1
61,0,3,"Sirayanian, Mr. Orsen",0,0.2711736617240512,0.0,0.0,0.014110458666029575,2
62,1,1,"Icard, Miss. Amelie",1,0.4722292033174164,0.0,0.0,0.15614960068643363,1
63,0,1,"Harris, Mr. Henry Birkhardt",0,0.5601910027645137,0.125,0.0,0.16293234896625058,1
64,0,3,"Skoog, Master. Harald",0,0.04498617743151546,0.375,0.3333333333333333,0.05445717323939373,1
65,0,1,"Stewart, Mr. Albert A",0,0.34656948982156316,0.0,0.0,0.05410739813385612,2
66,1,3,"Moubarek, Master. Gerios",0,0.04498617743151546,0.125,0.16666666666666666,0.029757819776815374,2
67,1,2,"Nye, Mrs. (Elizabeth Ramell)",1,0.35913546117114853,0.0,0.0,0.020494635090094415,1
68,0,3,"Crease, Mr. Ernest James",0,0.2334757476752953,0.0,0.0,0.015923941091001644,1
69,1,3,"Andersson, Miss. Erna Alexandra",1,0.20834380497612465,0.5,0.3333333333333333,0.015468569817999833,1
70,0,3,"Kink, Mr. Vincenz",0,0.32143754712239253,0.25,0.0,0.016908073949327893,1
71,0,2,"Jenkin, Mr. Stephen Curnow",0,0.39683337521990447,0.0,0.0,0.020494635090094415,1
72,0,3,"Goodwin, Miss. Lillian Amy",1,0.19577783362653933,0.625,0.3333333333333333,0.09154270340242172,1
73,0,2,"Hood, Mr. Ambrose Jr",0,0.2586076903744659,0.0,0.0,0.1434624456306609,1
74,0,3,"Chronopoulos, Mr. Apostolos",0,0.32143754712239253,0.125,0.0,0.028212719478023115,2
75,1,3,"Bing, Mr. Lee",0,0.39683337521990447,0.0,0.0,0.11027245763075773,1
76,0,3,"Moen, Mr. Sigurd Hansen",0,0.3088715757728072,0.0,0.0,0.014931805565640218,1
77,0,3,"Staneff, Mr. Ivan",0,0.34656948982156316,0.0,0.0,0.015411575213749286,1
78,0,3,"Moutal, Mr. Rahamin Haim",0,0.34656948982156316,0.0,0.0,0.015712553569072387,1
79,1,2,"Caldwell, Master. Alden Gates",0,0.005152048253329982,0.0,0.3333333333333333,0.056604230248832196,1
80,1,3,"Dowdell, Miss. Elizabeth",1,0.37170143252073384,0.0,0.0,0.024349578357040744,1
81,0,3,"Waelens, Mr. Achille",0,0.2711736617240512,0.0,0.0,0.017566830077223785,1
82,1,3,"Sheerlinck, Mr. Jan Baptist",0,0.35913546117114853,0.0,0.0,0.018542765081513996,1
83,1,3,"McDermott, Miss. Brigdet Delia",1,0.34656948982156316,0.0,0.0,0.015200187691820024,3
84,0,1,"Carrau, Mr. Francisco M",0,0.34656948982156316,0.0,0.0,0.09193307740413781,1
85,1,2,"Ilett, Miss. Bertha",1,0.20834380497612465,0.0,0.0,0.020494635090094415,1
86,1,3,"Backstrom, Mrs. Karl Alfred (Maria Mathilda Gustafsson)",1,0.4093993465694898,0.375,0.0,0.030937139635999665,1
87,0,3,"Ford, Mr. William Neal",0,0.19577783362653933,0.125,0.5,0.06709553154495196,1
88,0,3,"Slocovski, Mr. Selman Francis",0,0.34656948982156316,0.0,0.0,0.015712553569072387,1
89,1,1,"Fortune, Miss. Mabel Helen",1,0.2837396330736366,0.375,0.3333333333333333,0.5133418122566507,1
90,0,3,"Celotti, Mr. Francesco",0,0.2963056044232219,0.0,0.0,0.015712553569072387,1
91,0,3,"Christmann, Mr. Emil",0,0.35913546117114853,0.0,0.0,0.015712553569072387,1
92,0,3,"Andreasson, Mr. Paul Edvin",0,0.24604171902488062,0.0,0.0,0.015330377421392339,1
93,0,1,"Chaffee, Mr. Herbert Fuller",0,0.5727569741140991,0.125,0.0,0.11940564777490723,1
94,0,3,"Dean, Mr. Bertram Frank",0,0.32143754712239253,0.125,0.3333333333333333,0.04015972542654215,1
95,0,3,"Coxon, Mr. Daniel",0,0.7361146016587082,0.0,0.0,0.014151057562208049,1
96,0,3,"Shorney, Mr. Charles Joseph",0,0.34656948982156316,0.0,0.0,0.015712553569072387,1
97,0,1,"Goldschmidt, Mr. George B",0,0.8869062578537321,0.0,0.0,0.06764049365134761,2
98,1,1,"Greenfield, Mr. William Bertram",0,0.2837396330736366,0.0,0.16666666666666666,0.12366716556464086,2
99,1,2,"Doling, Mrs. John T (Ada Julia Bone)",1,0.4219653179190751,0.0,0.16666666666666666,0.044893010197349675,1
100,0,2,"Kantor, Mr. Sinai",0,0.4219653179190751,0.125,0.0,0.050748620223090936,1
101,0,3,"Petranec, Miss. Matilda",1,0.34656948982156316,0.0,0.0,0.015411575213749286,1
102,0,3,"Petroff, Mr. Pastcho (""Pentcho"")",0,0.34656948982156316,0.0,0.0,0.015411575213749286,1
103,0,1,"White, Mr. Richard Frasar",0,0.2586076903744659,0.0,0.16666666666666666,0.15085515328815924,1
104,0,3,"Johansson, Mr. Gustaf Joel",0,0.4093993465694898,0.0,0.0,0.016891873428256675,1
105,0,3,"Gustafsson, Mr. Anders Vilhelm",0,0.4596632319678311,0.25,0.0,0.015468569817999833,1
106,0,3,"Mionoff, Mr. Stoytcho",0,0.34656948982156316,0.0,0.0,0.015411575213749286,1
107,1,3,"Salkjelsvik, Miss. Anna Kristine",1,0.2586076903744659,0.0,0.0,0.014931805565640218,1
108,1,3,"Moss, Mr. Albert Johan",0,0.34656948982156316,0.0,0.0,0.015175789316712771,1
109,0,3,"Rekic, Mr. Tido",0,0.4722292033174164,0.0,0.0,0.015411575213749286,1
110,1,3,"Moran, Miss. Bertha",1,0.34656948982156316,0.125,0.0,0.04713766070721715,3
111,0,1,"Porter, Mr. Walter Chamberlain",0,0.5853229454636844,0.0,0.0,0.10149724044618187,1
112,0,3,"Zabour, Miss. Hileni",1,0.17692887660216136,0.125,0.0,0.028212719478023115,2
113,0,3,"Barton, Mr. David John",0,0.2711736617240512,0.0,0.0,0.015712553569072387,1
114,0,3,"Jussila, Miss. Katriina",1,0.24604171902488062,0.125,0.0,0.019177122834302632,1
115,0,3,"Attalah, Miss. Malake",1,0.20834380497612465,0.0,0.0,0.028220722145058292,2
116,0,3,"Pekoniemi, Mr. Edvard",0,0.2586076903744659,0.0,0.0,0.015468569817999833,1
117,0,3,"Connors, Mr. Patrick",0,0.8806232721789394,0.0,0.0,0.015126992566498259,3
118,0,2,"Turpin, Mr. William John Robert",0,0.35913546117114853,0.125,0.0,0.04098927018018883,1
119,0,1,"Baxter, Mr. Quigg Edmond",0,0.2963056044232219,0.0,0.16666666666666666,0.4831284260198326,2
120,0,3,"Andersson, Miss. Ellis Anna Maria",1,0.01985423473234481,0.5,0.3333333333333333,0.06104473451835265,1
121,0,2,"Hickman, Mr. Stanley George",0,0.2586076903744659,0.25,0.0,0.1434624456306609,1
122,0,3,"Moore, Mr. Leonard Charles",0,0.34656948982156316,0.0,0.0,0.015712553569072387,1
123,0,2,"Nasser, Mr. Nicholas",0,0.40311636089469716,0.125,0.0,0.058694292654020104,2
124,1,2,"Webber, Miss. Susan",1,0.40311636089469716,0.0,0.0,0.025374310111545468,1
125,0,1,"White, Mr. Percival Wayland",0,0.6732847449107816,0.0,0.16666666666666666,0.15085515328815924,1
126,1,3,"Nicola-Yarred, Master. Elias",0,0.14551394822819805,0.125,0.0,0.021942337075458514,2
127,0,3,"McMahon, Mr. Martin",0,0.34656948982156316,0.0,0.0,0.015126992566498259,3
128,1,3,"Madsen, Mr. Fridtjof Arne",0,0.2963056044232219,0.0,0.0,0.01393967004027879,1
129,1,3,"Peter, Miss. Anna",1,0.05755214878110078,0.125,0.16666666666666666,0.04364049521284362,2
130,0,3,"Ekstrom, Mr. Johan",0,0.5601910027645137,0.0,0.0,0.013614293309848433,1
131,0,3,"Drazenoic, Mr. Jozef",0,0.4093993465694898,0.0,0.0,0.015411575213749286,2
132,0,3,"Coelho, Mr. Domingos Fernandeo",0,0.24604171902488062,0.0,0.0,0.013760683560491965,1
133,0,3,"Robins, Mrs. Alexander A (Grace Charity Laury)",1,0.5853229454636844,0.125,0.0,0.028302115124416098,1
134,1,2,"Weisz, Mrs. Leopold (Mathilde Francoise Pede)",1,0.35913546117114853,0.125,0.0,0.050748620223090936,1
135,0,2,"Sobey, Mr. Samuel James Hayden",0,0.3088715757728072,0.0,0.0,0.025374310111545468,1
136,0,2,"Richard, Mr. Emile",0,0.2837396330736366,0.0,0.0,0.02936744577509929,2
137,1,1,"Newsom, Miss. Helen Monypeny",1,0.2334757476752953,0.0,0.3333333333333333,0.051301584996521765,1
138,0,1,"Futrelle, Mr. Jacques Heath",0,0.4596632319678311,0.125,0.0,0.10364429745562033,1
139,0,3,"Osen, Mr. Olaf Elon",0,0.19577783362653933,0.0,0.0,0.01798980030808316,1
140,0,1,"Giglio, Mr. Victor",0,0.2963056044232219,0.0,0.0,0.15458810467956932,2
141,0,3,"Boulos, Mrs. Joseph (Sultana)",1,0.05755214878110078,0.0,0.3333333333333333,0.029757819776815374,2
142,1,3,"Nysten, Miss. Anna Sofia",1,0.2711736617240512,0.0,0.0,0.015126992566498259,1
143,1,3,"Hakkarainen, Mrs. Pekka Pietari (Elin Matilda Dolck)",1,0.2963056044232219,0.125,0.0,0.030937139635999665,1
144,0,3,"Burke, Mr. Jeremiah",0,0.2334757476752953,0.0,0.0,0.013175122557917838,3
145,0,2,"Andrew, Mr. Edgardo Samuel",0,0.22090977632571,0.0,0.0,0.022446505098674838,1
146,0,2,"Nicholls, Mr. Joseph Charles",0,0.2334757476752953,0.125,0.16666666666666666,0.07173122281533045,1
147,1,3,"Andersson, Mr. August Edvard (""Wennerstrom"")",0,0.33400351847197784,0.0,0.0,0.015216388212891242,1
148,0,3,"Ford, Miss. Robina Maggie ""Ruby""",1,0.10781603417944208,0.25,0.3333333333333333,0.06709553154495196,1
149,0,2,"Navratil, Mr. Michel (""Louis M Hoffman"")",0,0.4533802462930384,0.0,0.3333333333333333,0.050748620223090936,1
150,0,2,"Byles, Rev. Thomas Roussel Davids",0,0.5224930887157577,0.0,0.0,0.025374310111545468,1
151,0,2,"Bateman, Rev. Robert James",0,0.6355868308620256,0.0,0.0,0.02444717185746977,1
152,1,1,"Pears, Mrs. Thomas (Edith Wearne)",1,0.2711736617240512,0.125,0.0,0.12999454257145598,1
153,0,3,"Meo, Mr. Alfonzo",0,0.6921337019351597,0.0,0.0,0.015712553569072387,1
154,0,3,"van Billiard, Mr. Austin Blyler",0,0.5036441316913798,0.0,0.3333333333333333,0.028302115124416098,1
155,0,3,"Olsen, Mr. Ole Martin",0,0.34656948982156316,0.0,0.0,0.014273049437744325,1
156,0,1,"Williams, Mr. Charles Duane",0,0.6355868308620256,0.0,0.16666666666666666,0.11980421963065935,2
157,1,3,"Gilnagh, Miss. Katherine ""Katie""",1,0.19577783362653933,0.0,0.0,0.015094396337354966,3
158,0,3,"Corn, Mr. Harry",0,0.37170143252073384,0.0,0.0,0.015712553569072387,1
159,0,3,"Smiljanic, Mr. Mile",0,0.34656948982156316,0.0,0.0,0.016908073949327893,1
160,0,3,"Sage, Master. Thomas Henry",0,0.04498617743151546,1.0,0.3333333333333333,0.13575255909676825,1
161,0,3,"Cribb, Mr. John Hatfield",0,0.5476250314149284,0.0,0.16666666666666666,0.031425107138144774,1
162,1,2,"Watt, Mrs. James (Elizabeth ""Bessie"" Inglis Milne)",1,0.49736114601658704,0.0,0.0,0.030741952635141623,1
163,0,3,"Bengtsson, Mr. John Viktor",0,0.32143754712239253,0.0,0.0,0.015175789316712771,1
164,0,3,"Calic, Mr. Jovo",0,0.20834380497612465,0.0,0.0,0.016908073949327893,1
165,0,3,"Panula, Master. Eino Viljami",0,0.007288263382759488,0.5,0.16666666666666666,0.07746484096553544,1
166,1,3,"Goldsmith, Master. Frank John William ""Frankie""",0,0.10781603417944208,0.0,0.3333333333333333,0.04006213192611313,1
167,1,1,"Chibnall, Mrs. (Edith Martha Bowerman)",1,0.05755214878110078,0.0,0.16666666666666666,0.10735285047192313,1
168,0,3,"Skoog, Mrs. William (Anna Bernhardina Karlsson)",1,0.5601910027645137,0.125,0.6666666666666666,0.05445717323939373,1
169,0,1,"Baumann, Mr. John D",0,0.34656948982156316,0.0,0.0,0.050602229972447406,1
170,0,3,"Ling, Mr. Lee",0,0.34656948982156316,0.0,0.0,0.11027245763075773,1
171,0,1,"Van der hoef, Mr. Wyckoff",0,0.7612465443578789,0.0,0.0,0.06538764528744409,1
172,0,3,"Rice, Master. Arthur",0,0.04498617743151546,0.5,0.16666666666666666,0.05684821399990475,3
173,1,3,"Johnson, Miss. Eleanor Ileen",1,0.007288263382759488,0.125,0.16666666666666666,0.021730754366528396,1
174,0,3,"Sivola, Mr. Antti Wilhelm",0,0.2586076903744659,0.0,0.0,0.015468569817999833,1
175,0,1,"Smith, Mr. James Clinch",0,0.6984166876099522,0.0,0.0,0.05991421140938287,2
176,0,3,"Klasen, Mr. Klas Albin",0,0.22090977632571,0.125,0.16666666666666666,0.015330377421392339,1
177,0,3,"Lefebre, Master. Henry Forbes",0,0.04498617743151546,0.375,0.16666666666666666,0.049707687947515,1
178,0,1,"Isham, Miss. Ann Elizabeth",1,0.6230208595124404,0.0,0.0,0.05604306762136532,2
179,0,2,"Hale, Mr. Reginald",0,0.37170143252073384,0.0,0.0,0.025374310111545468,1
180,0,3,"Leonard, Mr. Lionel",0,0.4470972606182458,0.0,0.0,0.0,1
181,0,3,"Sage, Miss. Constance Gladys",1,0.05755214878110078,1.0,0.3333333333333333,0.13575255909676825,1
182,0,2,"Pernot, Mr. Rene",0,0.34656948982156316,0.0,0.0,0.02937564362913533,2
183,0,3,"Asplund, Master. Clarence Gustaf Hugo",0,0.10781603417944208,0.5,0.3333333333333333,0.06126431989431795,1
184,1,2,"Becker, Master. Richard F",0,0.007288263382759488,0.25,0.16666666666666666,0.07612293033463641,1
185,1,3,"Kink-Heilmann, Miss. Luise Gretchen",1,0.04498617743151546,0.0,0.3333333333333333,0.04298993693898376,1
186,0,1,"Rood, Mr. Hugh Roscoe",0,0.34656948982156316,0.0,0.0,0.09759350042902103,1
187,1,3,"O'Brien, Mrs. Thomas (Johanna ""Hannah"" Godfrey)",1,0.34656948982156316,0.125,0.0,0.030253985132996517,3
188,1,1,"Romaine, Mr. Charles Hallace (""Mr C Rolmane"")",0,0.5601910027645137,0.0,0.0,0.051822148727810165,1
189,0,3,"Bourke, Mr. John",0,0.49736114601658704,0.125,0.16666666666666666,0.030253985132996517,3
190,0,3,"Turcin, Mr. Stjepan",0,0.4470972606182458,0.0,0.0,0.015411575213749286,1
191,1,2,"Pinsky, Mrs. (Rosa)",1,0.39683337521990447,0.0,0.0,0.025374310111545468,1
192,0,2,"Carbines, Mr. William",0,0.2334757476752953,0.0,0.0,0.025374310111545468,1
193,1,3,"Andersen-Jensen, Miss. Carla Christine Nielsine",1,0.2334757476752953,0.125,0.0,0.015330377421392339,1
194,1,2,"Navratil, Master. Michel M",0,0.032420206081930136,0.125,0.16666666666666666,0.050748620223090936,1
195,1,1,"Brown, Mrs. James Joseph (Margaret Tobin)",1,0.5476250314149284,0.0,0.0,0.05410739813385612,2
196,1,1,"Lurette, Miss. Elise",1,0.723548630309123,0.0,0.0,0.2859895551532101,2
197,0,3,"Mernagh, Mr. Robert",0,0.34656948982156316,0.0,0.0,0.015126992566498259,3
198,0,3,"Olsen, Mr. Karl Siegwart Andreas",0,0.5224930887157577,0.0,0.16666666666666666,0.01640390592611157,1
199,1,3,"Madigan, Miss. Margaret ""Maggie""",1,0.34656948982156316,0.0,0.0,0.015126992566498259,3
200,0,2,"Yrois, Miss. Henriette (""Mrs Harbeck"")",1,0.2963056044232219,0.0,0.0,0.025374310111545468,1
201,0,3,"Vande Walle, Mr. Nestor Cyriel",0,0.34656948982156316,0.0,0.0,0.018542765081513996,1
202,0,3,"Sage, Mr. Frederick",0,0.04498617743151546,1.0,0.3333333333333333,0.13575255909676825,1
203,0,3,"Johanson, Mr. Jakob Alfred",0,0.4219653179190751,0.0,0.0,0.012678957201736696,1
204,0,3,"Youseff, Mr. Gerious",0,0.5664739884393064,0.0,0.0,0.014102260811993537,2
205,1,3,"Cohen, Mr. Gurshon ""Gus""",0,0.22090977632571,0.0,0.0,0.015712553569072387,1
206,0,3,"Strom, Miss. Telma Matilda",1,0.01985423473234481,0.0,0.16666666666666666,0.02042143996477265,1
207,0,3,"Backstrom, Mr. Karl Alfred",0,0.39683337521990447,0.125,0.0,0.030937139635999665,1
208,1,3,"Albimona, Mr. Nassef Cassem",0,0.32143754712239253,0.0,0.0,0.036670757786204655,2
209,1,3,"Carr, Miss. Helen ""Ellen""",1,0.19577783362653933,0.0,0.0,0.015126992566498259,3
210,1,1,"Blank, Mr. Henry",0,0.49736114601658704,0.0,0.0,0.060507970265993034,2
211,0,3,"Ali, Mr. Ahmed",0,0.2963056044232219,0.0,0.0,0.013760683560491965,1
212,1,2,"Cameron, Miss. Clear Annie",1,0.4345312892686604,0.0,0.0,0.04098927018018883,1
213,0,3,"Perkin, Mr. John Henry",0,0.2711736617240512,0.0,0.0,0.014151057562208049,1
214,0,2,"Givard, Mr. Hans Kristensen",0,0.37170143252073384,0.0,0.0,0.025374310111545468,1
215,0,3,"Kiernan, Mr. Philip",0,0.34656948982156316,0.125,0.0,0.015126992566498259,3
216,1,1,"Newell, Miss. Madeleine",1,0.38426740387031916,0.125,0.0,0.22109807522194713,2
217,1,3,"Honkanen, Miss. Eliina",1,0.33400351847197784,0.0,0.0,0.015468569817999833,1
218,0,2,"Jacobsohn, Mr. Sidney Samuel",0,0.5224930887157577,0.125,0.0,0.05270049023167135,1
219,1,1,"Bazzani, Miss. Albina",1,0.39683337521990447,0.0,0.0,0.14891148113361488,2
220,0,2,"Harris, Mr. Walter",0,0.37170143252073384,0.0,0.0,0.020494635090094415,1
221,1,3,"Sunderland, Mr. Victor Francis",0,0.19577783362653933,0.0,0.0,0.015712553569072387,1
222,0,2,"Bracken, Mr. James H",0,0.33400351847197784,0.0,0.0,0.025374310111545468,1
223,0,3,"Green, Mr. George Henry",0,0.6355868308620256,0.0,0.0,0.015712553569072387,1
224,0,3,"Nenkoff, Mr. Christo",0,0.34656948982156316,0.0,0.0,0.015411575213749286,1
225,1,1,"Hoyt, Mr. Frederick Maxfield",0,0.4722292033174164,0.125,0.0,0.17566830077223786,1
226,0,3,"Berglund, Mr. Karl Ivar Sven",0,0.2711736617240512,0.0,0.0,0.018249984580226933,1
227,1,2,"Mellors, Mr. William John",0,0.2334757476752953,0.0,0.0,0.020494635090094415,1
228,0,3,"Lovell, Mr. John Hall (""Henry"")",0,0.2523247046996733,0.0,0.0,0.014151057562208049,1
229,0,2,"Fahlstrom, Mr. Arne Jonas",0,0.22090977632571,0.0,0.0,0.025374310111545468,1
230,0,3,"Lefebre, Miss. Mathilde",1,0.05755214878110078,0.375,0.16666666666666666,0.049707687947515,1
231,1,1,"Harris, Mrs. Henry Birkhardt (Irene Wallach)",1,0.4345312892686604,0.125,0.0,0.16293234896625058,1
232,0,3,"Larsson, Mr. Bengt Edvin",0,0.35913546117114853,0.0,0.0,0.015175789316712771,1
233,0,2,"Sjostedt, Mr. Ernst Adolf",0,0.7361146016587082,0.0,0.0,0.026350245115835676,1
234,1,3,"Asplund, Miss. Lillian Gertrud",1,0.05755214878110078,0.5,0.3333333333333333,0.06126431989431795,1
235,0,2,"Leyson, Mr. Robert William Norman",0,0.2963056044232219,0.0,0.0,0.020494635090094415,1
236,0,3,"Harknett, Miss. Alice Phoebe",1,0.34656948982156316,0.0,0.0,0.014736618564782174,1
237,0,2,"Hold, Mr. Stephen",0,0.5476250314149284,0.125,0.0,0.050748620223090936,1
238,1,2,"Collyer, Miss. Marjorie ""Lottie""",1,0.09525006282985675,0.0,0.3333333333333333,0.05123658772523604,1
239,0,2,"Pengelly, Mr. Frederick William",0,0.2334757476752953,0.0,0.0,0.020494635090094415,1
240,0,2,"Hunt, Mr. George Henry",0,0.4093993465694898,0.0,0.0,0.023959204355324663,1
241,0,3,"Zabour, Miss. Thamine",1,0.34656948982156316,0.125,0.0,0.028212719478023115,2
242,1,3,"Murphy, Miss. Katherine ""Kate""",1,0.34656948982156316,0.125,0.0,0.030253985132996517,3
243,0,2,"Coleridge, Mr. Reginald Charles",0,0.35913546117114853,0.0,0.0,0.020494635090094415,1
244,0,3,"Maenpaa, Mr. Matti Alexanteri",0,0.2711736617240512,0.0,0.0,0.013907073811135496,1
245,0,3,"Attalah, Mr. Sleiman",0,0.37170143252073384,0.0,0.0,0.014102260811993537,2
246,0,1,"Minahan, Dr. William Edward",0,0.5476250314149284,0.25,0.0,0.17566830077223786,3
247,0,3,"Lindahl, Miss. Agda Thorilda Viktoria",1,0.3088715757728072,0.0,0.0,0.015175789316712771,1
248,1,2,"Hamalainen, Mrs. William (Anna)",1,0.2963056044232219,0.0,0.3333333333333333,0.028302115124416098,1
249,1,1,"Beckwith, Mr. Richard Leonard",0,0.4596632319678311,0.125,0.16666666666666666,0.10257896680493714,1
250,0,2,"Carter, Rev. Ernest Courtenay",0,0.6732847449107816,0.125,0.0,0.050748620223090936,1
251,0,3,"Reed, Mr. James George",0,0.34656948982156316,0.0,0.0,0.014151057562208049,1
252,0,3,"Strom, Mrs. Wilhelm (Elna Matilda Persson)",1,0.35913546117114853,0.125,0.16666666666666666,0.02042143996477265,1
253,0,1,"Stead, Mr. William Thomas",0,0.7738125157074642,0.0,0.0,0.051822148727810165,1
254,0,3,"Lobb, Mr. William Arthur",0,0.37170143252073384,0.125,0.0,0.031425107138144774,1
255,0,3,"Rosblom, Mrs. Viktor (Helena Wilhelmina)",1,0.5099271173661725,0.0,0.3333333333333333,0.039452172548431745,1
256,1,3,"Touma, Mrs. Darwis (Hanne Youssef Razi)",1,0.35913546117114853,0.0,0.3333333333333333,0.029757819776815374,2
257,1,1,"Thorne, Mrs. Gertrude Maybelle",1,0.34656948982156316,0.0,0.0,0.15458810467956932,2
258,1,1,"Cherry, Miss. Gladys",1,0.37170143252073384,0.0,0.0,0.16883675574220638,1
259,1,1,"Ward, Miss. Anna",1,0.4345312892686604,0.0,0.0,1.0,2
260,1,2,"Parrish, Mrs. (Lutie Davis)",1,0.6230208595124404,0.0,0.16666666666666666,0.050748620223090936,1
261,0,3,"Smith, Mr. Thomas",0,0.34656948982156316,0.0,0.0,0.015126992566498259,3
262,1,3,"Asplund, Master. Edvin Rojj Felix",0,0.032420206081930136,0.5,0.3333333333333333,0.06126431989431795,1
263,0,1,"Taussig, Mr. Emil",0,0.648152802211611,0.125,0.16666666666666666,0.1554664461834305,1
264,0,1,"Harrison, Mr. William",0,0.49736114601658704,0.0,0.0,0.0,1
265,0,3,"Henry, Miss. Delia",1,0.34656948982156316,0.0,0.0,0.015126992566498259,3
266,0,2,"Reeves, Mr. David",0,0.4470972606182458,0.0,0.0,0.020494635090094415,1
267,0,3,"Panula, Mr. Ernesti Arvid",0,0.19577783362653933,0.5,0.16666666666666666,0.07746484096553544,1
268,1,3,"Persson, Mr. Ernst Ulrik",0,0.3088715757728072,0.125,0.0,0.015175789316712771,1
269,1,1,"Graham, Mrs. William Thompson (Edith Junkins)",1,0.723548630309123,0.0,0.16666666666666666,0.2995388511917728,1
270,1,1,"Bissette, Miss. Amelia",1,0.4345312892686604,0.0,0.0,0.2647385704347907,1
271,0,1,"Cairns, Mr. Alexander",0,0.34656948982156316,0.0,0.0,0.060507970265993034,1
272,1,3,"Tornquist, Mr. William Henry",0,0.3088715757728072,0.0,0.0,0.0,1
273,1,2,"Mellinger, Mrs. (Elizabeth Anne Maidment)",1,0.5099271173661725,0.0,0.16666666666666666,0.038061465167318204,1
274,0,1,"Natsch, Mr. Charles H",0,0.4596632319678311,0.0,0.16666666666666666,0.057970539254838485,2
275,1,3,"Healy, Miss. Hanora ""Nora""",1,0.34656948982156316,0.0,0.0,0.015126992566498259,3
276,1,1,"Andrews, Miss. Kornelia Theodosia",1,0.7863784870570495,0.125,0.0,0.15216446768991498,1
277,0,3,"Lindblom, Miss. Augusta Charlotta",1,0.5601910027645137,0.0,0.0,0.015126992566498259,1
278,0,2,"Parkes, Mr. Francis ""Frank""",0,0.34656948982156316,0.0,0.0,0.0,1
279,0,3,"Rice, Master. Eric",0,0.08268409148027142,0.5,0.16666666666666666,0.05684821399990475,3
280,1,3,"Abbott, Mrs. Stanton (Rosa Hunt)",1,0.4345312892686604,0.125,0.16666666666666666,0.03952536767375352,1
281,0,3,"Duane, Mr. Frank",0,0.8115104297562202,0.0,0.0,0.015126992566498259,3
282,0,3,"Olsson, Mr. Nils Johan Goransson",0,0.34656948982156316,0.0,0.0,0.015330377421392339,1
283,0,3,"de Pelsmaeker, Mr. Alfons",0,0.19577783362653933,0.0,0.0,0.018542765081513996,1
284,1,3,"Dorking, Mr. Edward Arthur",0,0.2334757476752953,0.0,0.0,0.015712553569072387,1
285,0,1,"Smith, Mr. Richard William",0,0.34656948982156316,0.0,0.0,0.050748620223090936,1
286,0,3,"Stankovic, Mr. Ivan",0,0.4093993465694898,0.0,0.0,0.016908073949327893,2
287,1,3,"de Mulder, Mr. Theodore",0,0.37170143252073384,0.0,0.0,0.018542765081513996,1
288,0,3,"Naidenoff, Mr. Penko",0,0.2711736617240512,0.0,0.0,0.015411575213749286,1
289,1,2,"Hosono, Mr. Masabumi",0,0.5224930887157577,0.0,0.0,0.025374310111545468,1
290,1,3,"Connolly, Miss. Kate",1,0.2711736617240512,0.0,0.0,0.015126992566498259,3
291,1,1,"Barber, Miss. Ellen ""Nellie""",1,0.32143754712239253,0.0,0.0,0.15390495017656614,1
292,1,1,"Bishop, Mrs. Dickinson H (Helen Walton)",1,0.2334757476752953,0.125,0.0,0.17777475888549785,2
293,0,2,"Levy, Mr. Rene Jacques",0,0.4470972606182458,0.0,0.0,0.025130326360472913,2
294,0,3,"Haas, Miss. Aloisia",1,0.2963056044232219,0.0,0.0,0.01727404957593672,1
295,0,3,"Mineff, Mr. Ivan",0,0.2963056044232219,0.0,0.0,0.015411575213749286,1
296,0,1,"Lewy, Mr. Ervin G",0,0.34656948982156316,0.0,0.0,0.05410739813385612,2
297,0,3,"Hanna, Mr. Mansour",0,0.2900226187484292,0.0,0.0,0.014110458666029575,2
298,0,1,"Allison, Miss. Helen Loraine",1,0.01985423473234481,0.125,0.3333333333333333,0.29580589980036276,1
299,1,1,"Saalfeld, Mr. Adolphe",0,0.34656948982156316,0.0,0.0,0.05953203526170282,1
300,1,1,"Baxter, Mrs. James (Helene DeLaudeniere Chaput)",1,0.6230208595124404,0.0,0.16666666666666666,0.4831284260198326,2
301,1,3,"Kelly, Miss. Anna Katherine ""Annie Kate""",1,0.34656948982156316,0.0,0.0,0.015126992566498259,3
302,1,3,"McCoy, Mr. Bernard",0,0.34656948982156316,0.25,0.0,0.04538097769949478,3
303,0,3,"Johnson, Mr. William Cahoone Jr",0,0.2334757476752953,0.0,0.0,0.0,1
304,1,2,"Keane, Miss. Nora A",1,0.34656948982156316,0.0,0.0,0.024105594605968193,3
305,0,3,"Williams, Mr. Howard Hugh ""Harry""",0,0.34656948982156316,0.0,0.0,0.015712553569072387,1
306,1,1,"Allison, Master. Hudson Trevor",0,0.006282985674792663,0.125,0.3333333333333333,0.29580589980036276,1
307,1,1,"Fleming, Miss. Margaret",1,0.34656948982156316,0.0,0.0,0.21642978772242535,2
308,1,1,"Penasco y Castellana, Mrs. Victor de Satode (Maria Josefa Perez de Soto y Vallejo)",1,0.20834380497612465,0.125,0.0,0.2125586439344078,2
309,0,2,"Abelson, Mr. Samuel",0,0.37170143252073384,0.125,0.0,0.04684488020593009,2
310,1,1,"Francatelli, Miss. Laura Mabel",1,0.37170143252073384,0.0,0.0,0.11111839809247648,2
311,1,1,"Hays, Miss. Margaret Bechstein",1,0.2963056044232219,0.0,0.0,0.16231419173453318,2
312,1,1,"Ryerson, Miss. Emily Borie",1,0.22090977632571,0.25,0.3333333333333333,0.5121218935012878,2
313,0,2,"Lahtinen, Mrs. William (Anna Sylfven)",1,0.32143754712239253,0.125,0.16666666666666666,0.050748620223090936,1
314,0,3,"Hendekovic, Mr. Ignjac",0,0.34656948982156316,0.0,0.0,0.015411575213749286,1
315,0,2,"Hart, Mr. Benjamin",0,0.5350590600653431,0.125,0.16666666666666666,0.05123658772523604,1
316,1,3,"Nilsson, Miss. Helmina Josefina",1,0.32143754712239253,0.0,0.0,0.015330377421392339,1
317,1,2,"Kantor, Mrs. Sinai (Miriam Sternin)",1,0.2963056044232219,0.125,0.0,0.050748620223090936,1
318,0,2,"Moraweck, Dr. Ernest",0,0.6732847449107816,0.0,0.0,0.027326180120125887,1
319,1,1,"Wick, Miss. Mary Natalie",1,0.38426740387031916,0.0,0.3333333333333333,0.32179836714362564,1
320,1,1,"Spedden, Mrs. Frederic Oakley (Margaretta Corning Stone)",1,0.49736114601658704,0.125,0.16666666666666666,0.2625265161540666,2
321,0,3,"Dennis, Mr. Samuel",0,0.2711736617240512,0.0,0.0,0.014151057562208049,1
322,0,3,"Danoff, Mr. Yoto",0,0.33400351847197784,0.0,0.0,0.015411575213749286,1
323,1,2,"Slayter, Miss. Hilda Mary",1,0.37170143252073384,0.0,0.0,0.024105594605968193,3
324,1,2,"Caldwell, Mrs. Albert Francis (Sylvia Mae Harbaugh)",1,0.2711736617240512,0.125,0.16666666666666666,0.056604230248832196,1
325,0,3,"Sage, Mr. George John Jr",0,0.04498617743151546,1.0,0.3333333333333333,0.13575255909676825,1
326,1,1,"Young, Miss. Marie Grice",1,0.4470972606182458,0.0,0.0,0.2647385704347907,2
327,0,3,"Nysveen, Mr. Johan Hansen",0,0.7612465443578789,0.0,0.0,0.012174789178520372,1
328,1,2,"Ball, Mrs. (Ada E Hall)",1,0.4470972606182458,0.0,0.0,0.025374310111545468,1
329,1,3,"Goldsmith, Mrs. Frank John (Emily Alice Brown)",1,0.38426740387031916,0.125,0.16666666666666666,0.04006213192611313,1
330,1,1,"Hippach, Miss. Jean Gertrude",1,0.19577783362653933,0.0,0.16666666666666666,0.11316786160148591,2
331,1,3,"McCoy, Miss. Agnes",1,0.34656948982156316,0.25,0.0,0.04538097769949478,3
332,0,1,"Partner, Mr. Austen",0,0.5664739884393064,0.0,0.0,0.055628295244541985,1
333,0,1,"Graham, Mr. George Edward",0,0.4722292033174164,0.0,0.16666666666666666,0.2995388511917728,1
334,0,3,"Vander Planke, Mr. Leo Edmondus",0,0.19577783362653933,0.25,0.0,0.03513366015444757,1
335,1,1,"Frauenthal, Mrs. Henry William (Clara Heinsheimer)",1,0.34656948982156316,0.125,0.0,0.2608674266467732,1
336,0,3,"Denkoff, Mr. Mitto",0,0.34656948982156316,0.0,0.0,0.015411575213749286,1
337,0,1,"Pears, Mr. Thomas Clinton",0,0.35913546117114853,0.125,0.0,0.12999454257145598,1
338,1,1,"Burns, Miss. Elizabeth Margaret",1,0.5099271173661725,0.0,0.0,0.2625265161540666,2
339,1,3,"Dahl, Mr. Karl Edwart",0,0.5601910027645137,0.0,0.0,0.015712553569072387,1
340,0,1,"Blackwell, Mr. Stephen Weart",0,0.5601910027645137,0.0,0.0,0.06929138530460494,1
341,1,2,"Navratil, Master. Edmond Roger",0,0.01985423473234481,0.125,0.16666666666666666,0.050748620223090936,1
342,1,1,"Fortune, Miss. Alice Elizabeth",1,0.2963056044232219,0.375,0.3333333333333333,0.5133418122566507,1
343,0,2,"Collander, Mr. Erik Gustaf",0,0.34656948982156316,0.0,0.0,0.025374310111545468,1
344,0,2,"Sedgwick, Mr. Charles Frederick Waddington",0,0.3088715757728072,0.0,0.0,0.025374310111545468,1
345,0,2,"Fox, Mr. Stanley Hubert",0,0.4470972606182458,0.0,0.0,0.025374310111545468,1
346,1,2,"Brown, Miss. Amelia ""Mildred""",1,0.2963056044232219,0.0,0.0,0.025374310111545468,1
347,1,2,"Smith, Miss. Marion Elsie",1,0.49736114601658704,0.0,0.0,0.025374310111545468,1
348,1,3,"Davison, Mrs. Thomas Henry (Mary E Finck)",1,0.34656948982156316,0.125,0.0,0.031425107138144774,1
349,1,3,"Coutts, Master. William Loch ""William""",0,0.032420206081930136,0.125,0.16666666666666666,0.031034733136428686,1
350,0,3,"Dimic, Mr. Jovan",0,0.5224930887157577,0.0,0.0,0.016908073949327893,1
351,0,3,"Odahl, Mr. Nils Martin",0,0.2837396330736366,0.0,0.0,0.01800600082915438,1
352,0,1,"Williams-Lambert, Mr. Fletcher Fellows",0,0.34656948982156316,0.0,0.0,0.06831545030031472,1
353,0,3,"Elias, Mr. Tannous",0,0.18321186227695402,0.125,0.16666666666666666,0.014110458666029575,2
354,0,3,"Arnold-Franchi, Mr. Josef",0,0.3088715757728072,0.125,0.0,0.034743286152731485,1
355,0,3,"Yousif, Mr. Wazli",0,0.34656948982156316,0.0,0.0,0.014102260811993537,2
356,0,3,"Vanden Steen, Mr. Leo Peter",0,0.34656948982156316,0.0,0.0,0.018542765081513996,1
357,1,1,"Bowerman, Miss. Elsie Edith",1,0.2711736617240512,0.0,0.16666666666666666,0.10735285047192313,1
358,0,2,"Funk, Miss. Annie Clemmer",1,0.4722292033174164,0.0,0.0,0.025374310111545468,1
359,1,3,"McGovern, Miss. Mary",1,0.34656948982156316,0.0,0.0,0.01537917417160685,3
360,1,3,"Mockler, Miss. Helen Mary ""Ellie""",1,0.34656948982156316,0.0,0.0,0.01537917417160685,3
361,0,3,"Skoog, Mr. Wilhelm",0,0.49736114601658704,0.125,0.6666666666666666,0.05445717323939373,1
362,0,2,"del Carlo, Mr. Sebastiano",0,0.35913546117114853,0.125,0.0,0.05410739813385612,2
363,0,3,"Barbara, Mrs. (Catherine David)",1,0.5601910027645137,0.0,0.16666666666666666,0.028212719478023115,2
364,0,3,"Asim, Mr. Adola",0,0.4345312892686604,0.0,0.0,0.013760683560491965,1
365,0,3,"O'Brien, Mr. Thomas",0,0.34656948982156316,0.125,0.0,0.030253985132996517,3
366,0,3,"Adahl, Mr. Mauritz Nils Martin",0,0.37170143252073384,0.0,0.0,0.014151057562208049,1
367,1,1,"Warren, Mrs. Frank Manley (Anna Sophia Atkinson)",1,0.7486805730082936,0.125,0.0,0.14687821814567664,2
368,1,3,"Moussa, Mrs. (Mantoura Boulos)",1,0.34656948982156316,0.0,0.0,0.014110458666029575,2
369,1,3,"Jermyn, Miss. Annie",1,0.34656948982156316,0.0,0.0,0.015126992566498259,3
370,1,1,"Aubart, Mme. Leontine Pauline",1,0.2963056044232219,0.0,0.0,0.13526459159462315,2
371,1,1,"Harder, Mr. George Achilles",0,0.3088715757728072,0.125,0.0,0.1082149914547131,2
372,0,3,"Wiklund, Mr. Jakob Alfred",0,0.22090977632571,0.125,0.0,0.012678957201736696,1
373,0,3,"Beavan, Mr. William Thomas",0,0.2334757476752953,0.0,0.0,0.015712553569072387,1
374,0,1,"Ringhini, Mr. Sante",0,0.2711736617240512,0.0,0.0,0.2647385704347907,2
375,0,3,"Palsson, Miss. Stina Viola",1,0.032420206081930136,0.375,0.16666666666666666,0.04113566043083236,1
376,1,1,"Meyer, Mrs. Edgar Joseph (Leila Saks)",1,0.34656948982156316,0.125,0.0,0.16038672010106003,2
377,1,3,"Landergren, Miss. Aurora Adelia",1,0.2711736617240512,0.0,0.0,0.014151057562208049,1
378,0,1,"Widener, Mr. Harry Elkins",0,0.33400351847197784,0.0,0.3333333333333333,0.41282050681475896,2
379,0,3,"Betros, Mr. Tannous",0,0.24604171902488062,0.0,0.0,0.007831878409428937,2
380,0,3,"Gustafsson, Mr. Karl Gideon",0,0.2334757476752953,0.0,0.0,0.015175789316712771,1
381,1,1,"Bidois, Miss. Rosalie",1,0.5224930887157577,0.0,0.0,0.4440992237022602,2
382,1,3,"Nakid, Miss. Maria (""Mary"")",1,0.007288263382759488,0.0,0.3333333333333333,0.030725752114070404,2
383,0,3,"Tikkanen, Mr. Juho",0,0.39683337521990447,0.0,0.0,0.015468569817999833,1
384,1,1,"Holverson, Mrs. Alexander Oskar (Mary Aline Towner)",1,0.4345312892686604,0.125,0.0,0.10149724044618187,1
385,0,3,"Plotcharsky, Mr. Vasil",0,0.34656948982156316,0.0,0.0,0.015411575213749286,1
386,0,2,"Davies, Mr. Charles Henry",0,0.22090977632571,0.0,0.0,0.1434624456306609,1
387,0,3,"Goodwin, Master. Sidney Leonard",0,0.007288263382759488,0.625,0.3333333333333333,0.09154270340242172,1
388,1,2,"Buss, Miss. Kate",1,0.4470972606182458,0.0,0.0,0.025374310111545468,1
389,0,3,"Sadlier, Mr. Matthew",0,0.34656948982156316,0.0,0.0,0.015086393670319786,3
390,1,2,"Lehmann, Miss. Bertha",1,0.20834380497612465,0.0,0.0,0.023422440102965045,2
391,1,1,"Carter, Mr. William Ernest",0,0.4470972606182458,0.125,0.3333333333333333,0.23422440102965048,1
392,1,3,"Jansson, Mr. Carl Olof",0,0.2586076903744659,0.0,0.0,0.015216388212891242,1
393,0,3,"Gustafsson, Mr. Johan Birger",0,0.34656948982156316,0.25,0.0,0.015468569817999833,1
394,1,1,"Newell, Miss. Marjorie",1,0.2837396330736366,0.125,0.0,0.22109807522194713,2
395,1,3,"Sandstrom, Mrs. Hjalmar (Agnes Charlotta Bengtsson)",1,0.2963056044232219,0.0,0.3333333333333333,0.03259622914329302,1
396,0,3,"Johansson, Mr. Erik",0,0.2711736617240512,0.0,0.0,0.015216388212891242,1
397,0,3,"Olsson, Miss. Elina",1,0.38426740387031916,0.0,0.0,0.015330377421392339,1
398,0,2,"McKane, Mr. Peter David",0,0.5727569741140991,0.0,0.0,0.050748620223090936,1
399,0,2,"Pain, Dr. Alfred",0,0.2837396330736366,0.0,0.0,0.020494635090094415,1
400,1,2,"Trout, Mrs. William H (Jessie L)",1,0.34656948982156316,0.0,0.0,0.02469115560854232,1
401,1,3,"Niskanen, Mr. Juha",0,0.4847951746670017,0.0,0.0,0.015468569817999833,1
402,0,3,"Adams, Mr. John",0,0.32143754712239253,0.0,0.0,0.015712553569072387,1
403,0,3,"Jussila, Miss. Mari Aina",1,0.2586076903744659,0.125,0.0,0.019177122834302632,1
404,0,3,"Hakkarainen, Mr. Pekka Pietari",0,0.34656948982156316,0.125,0.0,0.030937139635999665,1
405,0,3,"Oreskovic, Miss. Marija",1,0.24604171902488062,0.0,0.0,0.016908073949327893,1
406,0,2,"Gale, Mr. Shadrach",0,0.4219653179190751,0.125,0.0,0.04098927018018883,1
407,0,3,"Widegren, Mr. Carl/Charles Peter",0,0.6355868308620256,0.0,0.0,0.015126992566498259,1
408,1,2,"Richards, Master. William Rowe",0,0.032420206081930136,0.125,0.16666666666666666,0.03659756266088288,1
409,0,3,"Birkeland, Mr. Hans Martin Monsen",0,0.2586076903744659,0.0,0.0,0.015175789316712771,1
410,0,3,"Lefebre, Miss. Ida",1,0.05755214878110078,0.375,0.16666666666666666,0.049707687947515,1
411,0,3,"Sdycoff, Mr. Todor",0,0.34656948982156316,0.0,0.0,0.015411575213749286,1
412,0,3,"Hart, Mr. Henry",0,0.34656948982156316,0.0,0.0,0.013386510079847098,3
413,1,1,"Minahan, Miss. Daisy E",1,0.4093993465694898,0.125,0.0,0.17566830077223786,3
414,0,2,"Cunningham, Mr. Alfred Fleming",0,0.34656948982156316,0.0,0.0,0.0,1
415,1,3,"Sundman, Mr. Johan Julian",0,0.5476250314149284,0.0,0.0,0.015468569817999833,1
416,0,3,"Meek, Mrs. Thomas (Annie Louise Rowley)",1,0.34656948982156316,0.0,0.0,0.015712553569072387,1
417,1,2,"Drew, Mrs. James Vivian (Lulu Thorne Christian)",1,0.4219653179190751,0.125,0.16666666666666666,0.06343577527886367,1
418,1,2,"Silven, Miss. Lyyli Karoliina",1,0.22090977632571,0.0,0.3333333333333333,0.025374310111545468,1
419,0,2,"Matthews, Mr. William John",0,0.37170143252073384,0.0,0.0,0.025374310111545468,1
420,0,3,"Van Impe, Miss. Catharina",1,0.12038200552902739,0.0,0.3333333333333333,0.04713766070721715,1
421,0,3,"Gheorgheff, Mr. Stanio",0,0.34656948982156316,0.0,0.0,0.015411575213749286,2
422,0,3,"Charters, Mr. David",0,0.2586076903744659,0.0,0.0,0.015094396337354966,3
423,0,3,"Zimmerman, Mr. Leo",0,0.35913546117114853,0.0,0.0,0.015370976317570811,1
424,0,3,"Danbom, Mrs. Ernst Gilbert (Anna Sigrid Maria Brogren)",1,0.34656948982156316,0.125,0.16666666666666666,0.028106928123558056,1
425,0,3,"Rosblom, Mr. Viktor Richard",0,0.22090977632571,0.125,0.16666666666666666,0.039452172548431745,1
426,0,3,"Wiseman, Mr. Phillippe",0,0.34656948982156316,0.0,0.0,0.014151057562208049,1
427,1,2,"Clarke, Mrs. Charles V (Ada Maria Winfield)",1,0.34656948982156316,0.125,0.0,0.050748620223090936,1
428,1,2,"Phillips, Miss. Kate Florence (""Mrs Kate Louise Phillips Marshall"")",1,0.2334757476752953,0.0,0.0,0.050748620223090936,1
429,0,3,"Flynn, Mr. James",0,0.34656948982156316,0.0,0.0,0.015126992566498259,3
430,1,3,"Pickard, Mr. Berk (Berk Trembisky)",0,0.39683337521990447,0.0,0.0,0.015712553569072387,1
431,1,1,"Bjornstrom-Steffansson, Mr. Mauritz Hakan",0,0.34656948982156316,0.0,0.0,0.051822148727810165,1
432,1,3,"Thorneycroft, Mrs. Percival (Florence Kate White)",1,0.34656948982156316,0.125,0.0,0.031425107138144774,1
433,1,2,"Louch, Mrs. Charles Alexander (Alice Adelaide Slow)",1,0.5224930887157577,0.125,0.0,0.050748620223090936,1
434,0,3,"Kallio, Mr. Nikolai Erland",0,0.20834380497612465,0.0,0.0,0.013907073811135496,1
435,0,1,"Silvey, Mr. William Baird",0,0.6230208595124404,0.125,0.0,0.1091095334796455,1
436,1,1,"Carter, Miss. Lucile Polk",1,0.17064589092736868,0.125,0.3333333333333333,0.23422440102965048,1
437,0,3,"Ford, Miss. Doolina Margaret ""Daisy""",1,0.2586076903744659,0.25,0.3333333333333333,0.06709553154495196,1
438,1,2,"Richards, Mrs. Sidney (Emily Hocking)",1,0.2963056044232219,0.25,0.5,0.03659756266088288,1
439,0,1,"Fortune, Mr. Mark",0,0.7989444584066349,0.125,0.6666666666666666,0.5133418122566507,1
440,0,2,"Kvillner, Mr. Johan Henrik Johannesson",0,0.38426740387031916,0.0,0.0,0.020494635090094415,1
441,1,2,"Hart, Mrs. Benjamin (Esther Ada Bloomfield)",1,0.5601910027645137,0.125,0.16666666666666666,0.05123658772523604,1
442,0,3,"Hampe, Mr. Leon",0,0.24604171902488062,0.0,0.0,0.018542765081513996,1
443,0,3,"Petterson, Mr. Johan Emil",0,0.3088715757728072,0.125,0.0,0.015175789316712771,1
444,1,2,"Reynaldo, Ms. Encarnacion",1,0.34656948982156316,0.0,0.0,0.025374310111545468,1
445,1,3,"Johannesen-Bratthammer, Mr. Bernt",0,0.34656948982156316,0.0,0.0,0.015834545444608664,1
446,1,1,"Dodge, Master. Washington",0,0.04498617743151546,0.0,0.3333333333333333,0.15977676072337862,1
447,1,2,"Mellinger, Miss. Madeleine Violet",1,0.15807991957778336,0.0,0.16666666666666666,0.038061465167318204,1
448,1,1,"Seward, Mr. Frederic Kimber",0,0.4219653179190751,0.0,0.0,0.051822148727810165,1
449,1,3,"Baclini, Miss. Marie Catherine",1,0.05755214878110078,0.25,0.16666666666666666,0.03758969818624431,2
450,1,1,"Peuchen, Major. Arthur Godfrey",0,0.648152802211611,0.0,0.0,0.05953203526170282,1
451,0,2,"West, Mr. Edwy Arthur",0,0.4470972606182458,0.125,0.3333333333333333,0.05416439273810667,1
452,0,3,"Hagland, Mr. Ingvald Olai Olsen",0,0.34656948982156316,0.125,0.0,0.03897240290032268,1
453,0,1,"Foreman, Mr. Benjamin Laventall",0,0.37170143252073384,0.0,0.0,0.05416439273810667,2
454,1,1,"Goldenberg, Mr. Samuel L",0,0.610454888162855,0.125,0.0,0.17391981561855152,2
455,0,3,"Peduzzi, Mr. Joseph",0,0.34656948982156316,0.0,0.0,0.015712553569072387,1
456,1,3,"Jalsevac, Mr. Ivan",0,0.35913546117114853,0.0,0.0,0.015411575213749286,2
457,0,1,"Millet, Mr. Francis Davis",0,0.8115104297562202,0.0,0.0,0.051822148727810165,1
458,1,1,"Kenyon, Mrs. Frederick R (Marion)",1,0.34656948982156316,0.125,0.0,0.10122885832000206,1
459,1,2,"Toomey, Miss. Ellen",1,0.6230208595124404,0.0,0.0,0.020494635090094415,1
460,0,3,"O'Connor, Mr. Maurice",0,0.34656948982156316,0.0,0.0,0.015126992566498259,3
461,1,1,"Anderson, Mr. Harry",0,0.5978889168132697,0.0,0.0,0.051822148727810165,1
462,0,3,"Morley, Mr. William",0,0.4219653179190751,0.0,0.0,0.015712553569072387,1
463,0,1,"Gee, Mr. Arthur H",0,0.5853229454636844,0.0,0.0,0.07514699533034619,1
464,0,2,"Milling, Mr. Jacob Christian",0,0.5978889168132697,0.0,0.0,0.025374310111545468,1
465,0,3,"Maisner, Mr. Simon",0,0.34656948982156316,0.0,0.0,0.015712553569072387,1
466,0,3,"Goncalves, Mr. Manuel Estanslas",0,0.4722292033174164,0.0,0.0,0.013760683560491965,1
467,0,2,"Campbell, Mr. William",0,0.34656948982156316,0.0,0.0,0.0,1
468,0,1,"Smart, Mr. John Montgomery",0,0.6984166876099522,0.0,0.0,0.051822148727810165,1
469,0,3,"Scanlan, Mr. James",0,0.34656948982156316,0.0,0.0,0.015078195816283748,3
470,1,3,"Baclini, Miss. Helene Barbara",1,0.0041467705453631576,0.25,0.16666666666666666,0.03758969818624431,2
471,0,3,"Keefe, Mr. Arthur",0,0.34656948982156316,0.0,0.0,0.014151057562208049,1
472,0,3,"Cacic, Mr. Luka",0,0.4722292033174164,0.0,0.0,0.016908073949327893,1
473,1,2,"West, Mrs. Edwy Arthur (Ada Mary Worth)",1,0.4093993465694898,0.125,0.3333333333333333,0.05416439273810667,1
474,1,2,"Jerwan, Mrs. Amin S (Marie Marthe Thuillard)",1,0.2837396330736366,0.0,0.0,0.026919605597338588,2
475,0,3,"Strandberg, Miss. Ida Sofia",1,0.2711736617240512,0.0,0.0,0.019201521209409888,1
476,0,1,"Clifford, Mr. George Quincy",0,0.34656948982156316,0.0,0.0,0.10149724044618187,1
477,0,2,"Renouf, Mr. Peter Henry",0,0.4219653179190751,0.125,0.0,0.04098927018018883,1
478,0,3,"Braund, Mr. Lewis Richard",0,0.35913546117114853,0.125,0.0,0.013752485706455927,1
479,0,3,"Karlsson, Mr. Nils August",0,0.2711736617240512,0.0,0.0,0.014679623960531627,1
480,1,3,"Hirvonen, Miss. Hildur E",1,0.01985423473234481,0.0,0.16666666666666666,0.023983602730431916,1
481,0,3,"Goodwin, Master. Harold Victor",0,0.10781603417944208,0.625,0.3333333333333333,0.09154270340242172,1
482,0,2,"Frost, Mr. Anthony Wood ""Archie""",0,0.34656948982156316,0.0,0.0,0.0,1
483,0,3,"Rouse, Mr. Richard Henry",0,0.6230208595124404,0.0,0.0,0.015712553569072387,1
484,1,3,"Turkula, Mrs. (Hedwig)",1,0.7863784870570495,0.0,0.0,0.018713553707264782,1
485,1,1,"Bishop, Mr. Dickinson H",0,0.3088715757728072,0.125,0.0,0.17777475888549785,2
486,0,3,"Lefebre, Miss. Jeannie",1,0.05755214878110078,0.375,0.16666666666666666,0.049707687947515,1
487,1,1,"Hoyt, Mrs. Frederick Maxfield (Jane Anne Forby)",1,0.4345312892686604,0.125,0.0,0.17566830077223786,1
488,0,1,"Kent, Mr. Edward Austin",0,0.723548630309123,0.0,0.0,0.057970539254838485,2
489,0,3,"Somerton, Mr. Francis William",0,0.37170143252073384,0.0,0.0,0.015712553569072387,1
490,1,3,"Coutts, Master. Eden Leslie ""Neville""",0,0.10781603417944208,0.125,0.16666666666666666,0.031034733136428686,1
491,0,3,"Hagland, Mr. Konrad Mathias Reiersen",0,0.34656948982156316,0.125,0.0,0.03897240290032268,1
492,0,3,"Windelov, Mr. Einar",0,0.2586076903744659,0.0,0.0,0.014151057562208049,1
493,0,1,"Molson, Mr. Harry Markland",0,0.685850716260367,0.0,0.0,0.05953203526170282,1
494,0,1,"Artagaveytia, Mr. Ramon",0,0.8869062578537321,0.0,0.0,0.09662576327876685,2
495,0,3,"Stanley, Mr. Edward Roland",0,0.2586076903744659,0.0,0.0,0.015712553569072387,1
496,0,3,"Yousseff, Mr. Gerious",0,0.34656948982156316,0.0,0.0,0.028220722145058292,2
497,1,1,"Eustis, Miss. Elizabeth Mussey",1,0.6732847449107816,0.125,0.0,0.1527664244005612,2
498,0,3,"Shellard, Mr. Frederick William",0,0.34656948982156316,0.0,0.0,0.029473237129564348,1
499,0,1,"Allison, Mrs. Hudson J C (Bessie Waldo Daniels)",1,0.3088715757728072,0.125,0.3333333333333333,0.29580589980036276,1
500,0,3,"Svensson, Mr. Olof",0,0.2963056044232219,0.0,0.0,0.015216388212891242,1
501,0,3,"Calic, Mr. Petar",0,0.20834380497612465,0.0,0.0,0.016908073949327893,1
502,0,3,"Canavan, Miss. Mary",1,0.2586076903744659,0.0,0.0,0.015126992566498259,3
503,0,3,"O'Sullivan, Miss. Bridget Mary",1,0.34656948982156316,0.0,0.0,0.014891206669461744,3
504,0,3,"Laitinen, Miss. Kristina Sofia",1,0.4596632319678311,0.0,0.0,0.018713553707264782,1
505,1,1,"Maioni, Miss. Roberta",1,0.19577783362653933,0.0,0.0,0.16883675574220638,1
506,0,1,"Penasco y Castellana, Mr. Victor de Satode",0,0.22090977632571,0.125,0.0,0.2125586439344078,2
507,1,2,"Quick, Mrs. Frederick Charles (Jane Richards)",1,0.4093993465694898,0.0,0.3333333333333333,0.050748620223090936,1
508,1,1,"Bradley, Mr. George (""George Arthur Brayton"")",0,0.34656948982156316,0.0,0.0,0.051822148727810165,1
509,0,3,"Olsen, Mr. Henry Margido",0,0.34656948982156316,0.0,0.0,0.04396587194327397,1
510,1,3,"Lang, Mr. Fang",0,0.32143754712239253,0.0,0.0,0.11027245763075773,1
511,1,3,"Daly, Mr. Eugene Patrick",0,0.35913546117114853,0.0,0.0,0.015126992566498259,3
512,0,3,"Webber, Mr. James",0,0.34656948982156316,0.0,0.0,0.015712553569072387,1
513,1,1,"McGough, Mr. James Robert",0,0.4470972606182458,0.0,0.0,0.05130978285055781,1
514,1,1,"Rothschild, Mrs. Martin (Elizabeth L. Barrett)",1,0.6732847449107816,0.125,0.0,0.11594107850967697,2
515,0,3,"Coleff, Mr. Satio",0,0.2963056044232219,0.0,0.0,0.014630827210317117,1
516,0,1,"Walker, Mr. William Anderson",0,0.5853229454636844,0.0,0.0,0.06640417918791278,1
517,1,2,"Lemore, Mrs. (Amelia Milley)",1,0.4219653179190751,0.0,0.0,0.020494635090094415,1
518,0,3,"Ryan, Mr. Patrick",0,0.34656948982156316,0.0,0.0,0.04713766070721715,3
519,1,2,"Angle, Mrs. William A (Florence ""Mary"" Agnes Hughes)",1,0.4470972606182458,0.125,0.0,0.050748620223090936,1
520,0,3,"Pavlovic, Mr. Stefo",0,0.39683337521990447,0.0,0.0,0.015411575213749286,1
521,1,1,"Perreault, Miss. Anne",1,0.37170143252073384,0.0,0.0,0.18249984580226933,1
522,0,3,"Vovk, Mr. Janko",0,0.2711736617240512,0.0,0.0,0.015411575213749286,1
523,0,3,"Lahoud, Mr. Sarkis",0,0.34656948982156316,0.0,0.0,0.014102260811993537,2
524,1,1,"Hippach, Mrs. Louis Albert (Ida Sophia Fischer)",1,0.5476250314149284,0.0,0.16666666666666666,0.11316786160148591,2
525,0,3,"Kassem, Mr. Fared",0,0.34656948982156316,0.0,0.0,0.014110458666029575,2
526,0,3,"Farrell, Mr. James",0,0.5036441316913798,0.0,0.0,0.015126992566498259,3
527,1,2,"Ridsdale, Miss. Lucy",1,0.6230208595124404,0.0,0.0,0.020494635090094415,1
528,0,1,"Farthing, Mr. John",0,0.34656948982156316,0.0,0.0,0.4328841690069588,1
529,0,3,"Salonen, Mr. Johan Werner",0,0.4847951746670017,0.0,0.0,0.015468569817999833,1
530,0,2,"Hocking, Mr. Richard George",0,0.2837396330736366,0.25,0.16666666666666666,0.022446505098674838,1
531,1,2,"Quick, Miss. Phyllis May",1,0.01985423473234481,0.125,0.16666666666666666,0.050748620223090936,1
532,0,3,"Toufik, Mr. Nakli",0,0.34656948982156316,0.0,0.0,0.014110458666029575,2
533,0,3,"Elias, Mr. Joseph Jr",0,0.20834380497612465,0.125,0.16666666666666666,0.014110458666029575,2
534,1,3,"Peter, Mrs. Catherine (Catherine Rizk)",1,0.05755214878110078,0.0,0.3333333333333333,0.04364049521284362,2
535,0,3,"Cacic, Miss. Marija",1,0.37170143252073384,0.0,0.0,0.016908073949327893,1
536,1,2,"Hart, Miss. Eva Miriam",1,0.08268409148027142,0.0,0.3333333333333333,0.05123658772523604,1
537,0,1,"Butt, Major. Archibald Willingham",0,0.5601910027645137,0.0,0.0,0.051822148727810165,1
538,1,1,"LeRoy, Miss. Bertha",1,0.37170143252073384,0.0,0.0,0.20772776566317125,2
539,0,3,"Risien, Mr. Samuel Beard",0,0.34656948982156316,0.0,0.0,0.028302115124416098,1
540,1,1,"Frolicher, Miss. Hedwig Margaritha",1,0.2711736617240512,0.0,0.3333333333333333,0.09661756542473082,2
541,1,1,"Crosby, Miss. Harriet R",1,0.4470972606182458,0.0,0.3333333333333333,0.13858277060920987,1
542,0,3,"Andersson, Miss. Ingeborg Constanzia",1,0.10781603417944208,0.5,0.3333333333333333,0.06104473451835265,1
543,0,3,"Andersson, Miss. Sigrid Elisabeth",1,0.1329479768786127,0.5,0.3333333333333333,0.06104473451835265,1
544,1,2,"Beane, Mr. Edward",0,0.39683337521990447,0.125,0.0,0.050748620223090936,1
545,0,1,"Douglas, Mr. Walter Donald",0,0.6230208595124404,0.125,0.0,0.20772776566317125,2
546,0,1,"Nicholson, Mr. Arthur Ernest",0,0.7989444584066349,0.0,0.0,0.050748620223090936,1
547,1,2,"Beane, Mrs. Edward (Ethel Clarke)",1,0.2334757476752953,0.125,0.0,0.050748620223090936,1
548,1,2,"Padro y Manent, Mr. Julian",0,0.34656948982156316,0.0,0.0,0.02705779799394608,2
549,0,3,"Goldsmith, Mr. Frank John",0,0.4093993465694898,0.125,0.16666666666666666,0.04006213192611313,1
550,1,2,"Davies, Master. John Morgan Jr",0,0.09525006282985675,0.125,0.16666666666666666,0.07173122281533045,1
551,1,1,"Thayer, Mr. John Borland Jr",0,0.20834380497612465,0.0,0.3333333333333333,0.21642978772242535,2
552,0,2,"Sharp, Mr. Percival James R",0,0.33400351847197784,0.0,0.0,0.050748620223090936,1
553,0,3,"O'Brien, Mr. Timothy",0,0.34656948982156316,0.0,0.0,0.015281580671177828,3
554,1,3,"Leeni, Mr. Fahim (""Philip Zenni"")",0,0.2711736617240512,0.0,0.0,0.014102260811993537,2
555,1,3,"Ohman, Miss. Velin",1,0.2711736617240512,0.0,0.0,0.015175789316712771,1
556,0,1,"Wright, Mr. George",0,0.7738125157074642,0.0,0.0,0.051822148727810165,1
557,1,1,"Duff Gordon, Lady. (Lucille Christiana Sutherland) (""Mrs Morgan"")",1,0.5978889168132697,0.125,0.0,0.07729405233978466,2
558,0,1,"Robbins, Mr. Victor",0,0.34656948982156316,0.0,0.0,0.4440992237022602,2
559,1,1,"Taussig, Mrs. Emil (Tillie Mandelbaum)",1,0.4847951746670017,0.125,0.16666666666666666,0.1554664461834305,1
560,1,3,"de Messemaeker, Mrs. Guillaume Joseph (Emma)",1,0.4470972606182458,0.125,0.0,0.033962538149299316,1
561,0,3,"Morrow, Mr. Thomas Rowan",0,0.34656948982156316,0.0,0.0,0.015126992566498259,3
562,0,3,"Sivic, Mr. Husein",0,0.49736114601658704,0.0,0.0,0.015411575213749286,1
563,0,2,"Norman, Mr. Robert Douglas",0,0.34656948982156316,0.0,0.0,0.026350245115835676,1
564,0,3,"Simmons, Mr. John",0,0.34656948982156316,0.0,0.0,0.015712553569072387,1
565,0,3,"Meanwell, Miss. (Marion Ogden)",1,0.34656948982156316,0.0,0.0,0.015712553569072387,1
566,0,3,"Davies, Mr. Alfred J",0,0.2963056044232219,0.25,0.0,0.04713766070721715,1
567,0,3,"Stoytcheff, Mr. Ilia",0,0.2334757476752953,0.0,0.0,0.015411575213749286,1
568,0,3,"Palsson, Mrs. Nils (Alma Cornelia Berglund)",1,0.35913546117114853,0.0,0.6666666666666666,0.04113566043083236,1
569,0,3,"Doharr, Mr. Tannous",0,0.34656948982156316,0.0,0.0,0.014110458666029575,2
570,1,3,"Jonsson, Mr. Carl",0,0.39683337521990447,0.0,0.0,0.015330377421392339,1
571,1,2,"Harris, Mr. George",0,0.7738125157074642,0.0,0.0,0.020494635090094415,1
572,1,1,"Appleton, Mrs. Edward Dale (Charlotte Lamson)",1,0.6607187735611963,0.25,0.0,0.10048070654571319,1
573,1,1,"Flynn, Mr. John Irwin (""Irving"")",0,0.4470972606182458,0.0,0.0,0.051504969851415845,1
574,1,3,"Kelly, Miss. Mary",1,0.34656948982156316,0.0,0.0,0.015126992566498259,3
575,0,3,"Rush, Mr. Alfred George John",0,0.19577783362653933,0.0,0.0,0.015712553569072387,1
576,0,3,"Patchett, Mr. George",0,0.2334757476752953,0.0,0.0,0.028302115124416098,1
577,1,2,"Garside, Miss. Ethel",1,0.4219653179190751,0.0,0.0,0.025374310111545468,1
578,1,1,"Silvey, Mrs. William Baird (Alice Munger)",1,0.4847951746670017,0.125,0.0,0.1091095334796455,1
579,0,3,"Caram, Mrs. Joseph (Maria Elias)",1,0.34656948982156316,0.125,0.0,0.028220722145058292,2
580,1,3,"Jussila, Mr. Eiriik",0,0.39683337521990447,0.0,0.0,0.015468569817999833,1
581,1,2,"Christy, Miss. Julie Rachel",1,0.3088715757728072,0.125,0.16666666666666666,0.05855610025741262,1
582,1,1,"Thayer, Mrs. John Borland (Marian Longstreth Morris)",1,0.4847951746670017,0.125,0.16666666666666666,0.21642978772242535,2
583,0,2,"Downton, Mr. William James",0,0.6732847449107816,0.0,0.0,0.050748620223090936,1
584,0,1,"Ross, Mr. John Hugo",0,0.4470972606182458,0.0,0.0,0.07831878409428937,2
585,0,3,"Paulner, Mr. Uscher",0,0.34656948982156316,0.0,0.0,0.017005667449756914,2
586,1,1,"Taussig, Miss. Ruth",1,0.22090977632571,0.0,0.3333333333333333,0.1554664461834305,1
587,0,2,"Jarvis, Mr. John Denzil",0,0.5853229454636844,0.0,0.0,0.02927805012870631,1
588,1,1,"Frolicher-Stehli, Mr. Maxmillian",0,0.7486805730082936,0.125,0.16666666666666666,0.15458810467956932,2
589,0,3,"Gilinski, Mr. Eliezer",0,0.2711736617240512,0.0,0.0,0.015712553569072387,1
590,0,3,"Murdlin, Mr. Joseph",0,0.34656948982156316,0.0,0.0,0.015712553569072387,1
591,0,3,"Rintamaki, Mr. Matti",0,0.4345312892686604,0.0,0.0,0.013907073811135496,1
592,1,1,"Stephenson, Mrs. Walter Bertram (Martha Eustis)",1,0.648152802211611,0.125,0.0,0.1527664244005612,2
593,0,3,"Elsbury, Mr. William James",0,0.5853229454636844,0.0,0.0,0.014151057562208049,1
594,0,3,"Bourke, Miss. Mary",1,0.05755214878110078,0.0,0.3333333333333333,0.015126992566498259,3
595,0,2,"Chapman, Mr. John Henry",0,0.4596632319678311,0.125,0.0,0.050748620223090936,1
596,0,3,"Van Impe, Mr. Jean Baptiste",0,0.4470972606182458,0.125,0.16666666666666666,0.04713766070721715,1
597,1,2,"Leitch, Miss. Jessie Wills",1,0.34656948982156316,0.0,0.0,0.06441171028315387,1
598,0,3,"Johnson, Mr. Alfred",0,0.610454888162855,0.0,0.0,0.0,1
599,0,3,"Boulos, Mr. Hanna",0,0.34656948982156316,0.0,0.0,0.014102260811993537,2
600,1,1,"Duff Gordon, Sir. Cosmo Edmund (""Mr Morgan"")",0,0.610454888162855,0.125,0.0,0.11111839809247648,2
601,1,2,"Jacobsohn, Mrs. Sidney Samuel (Amy Frances Christy)",1,0.2963056044232219,0.25,0.16666666666666666,0.05270049023167135,1
602,0,3,"Slabenoff, Mr. Petco",0,0.34656948982156316,0.0,0.0,0.015411575213749286,1
603,0,1,"Harrington, Mr. Charles H",0,0.34656948982156316,0.0,0.0,0.08275928836380983,1
604,0,3,"Torber, Mr. Ernst William",0,0.5476250314149284,0.0,0.0,0.015712553569072387,1
605,1,1,"Homer, Mr. Harry (""Mr E Haven"")",0,0.4345312892686604,0.0,0.0,0.051822148727810165,2
606,0,3,"Lindell, Mr. Edvard Bengtsson",0,0.4470972606182458,0.125,0.0,0.030351578633425542,1
607,0,3,"Karaic, Mr. Milan",0,0.37170143252073384,0.0,0.0,0.015411575213749286,1
608,1,1,"Daniel, Mr. Robert Williams",0,0.33400351847197784,0.0,0.0,0.05953203526170282,1
609,1,2,"Laroche, Mrs. Joseph (Juliette Marie Louise Lafargue)",1,0.2711736617240512,0.125,0.3333333333333333,0.08115719346076702,2
610,1,1,"Shutes, Miss. Elizabeth W",1,0.49736114601658704,0.0,0.0,0.2995388511917728,1
611,0,3,"Andersson, Mrs. Anders Johan (Alfrida Konstantia Brogren)",1,0.4847951746670017,0.125,0.8333333333333333,0.06104473451835265,1
612,0,3,"Jardin, Mr. Jose Neto",0,0.34656948982156316,0.0,0.0,0.013760683560491965,1
613,1,3,"Murphy, Miss. Margaret Jane",1,0.34656948982156316,0.125,0.0,0.030253985132996517,3
614,0,3,"Horgan, Mr. John",0,0.34656948982156316,0.0,0.0,0.015126992566498259,3
615,0,3,"Brocklebank, Mr. William Alfred",0,0.4345312892686604,0.0,0.0,0.015712553569072387,1
616,1,2,"Herman, Miss. Alice",1,0.2963056044232219,0.125,0.3333333333333333,0.12687155055772734,1
617,0,3,"Danbom, Mr. Ernst Gilbert",0,0.4219653179190751,0.125,0.16666666666666666,0.028106928123558056,1
618,0,3,"Lobb, Mrs. William Arthur (Cordelia K Stanlick)",1,0.32143754712239253,0.125,0.0,0.031425107138144774,1
619,1,2,"Becker, Miss. Marion Louise",1,0.04498617743151546,0.25,0.16666666666666666,0.07612293033463641,1
620,0,2,"Gavey, Mr. Lawrence",0,0.32143754712239253,0.0,0.0,0.020494635090094415,1
621,0,3,"Yasbeck, Mr. Antoni",0,0.33400351847197784,0.125,0.0,0.028212719478023115,2
622,1,1,"Kimball, Mr. Edwin Nelson Jr",0,0.5224930887157577,0.125,0.0,0.10257896680493714,1
623,1,3,"Nakid, Mr. Sahid",0,0.24604171902488062,0.125,0.16666666666666666,0.030725752114070404,2
624,0,3,"Hansen, Mr. Henry Damsgaard",0,0.2586076903744659,0.0,0.0,0.015330377421392339,1
625,0,3,"Bowen, Mr. David John ""Dai""",0,0.2586076903744659,0.0,0.0,0.031425107138144774,1
626,0,1,"Sutton, Mr. Frederick",0,0.7612465443578789,0.0,0.0,0.06308600017332605,1
627,0,2,"Kirkland, Rev. Charles Leonard",0,0.7109826589595376,0.0,0.0,0.024105594605968193,3
628,1,1,"Longley, Miss. Gretchen Fiske",1,0.2586076903744659,0.0,0.0,0.15216446768991498,1
629,0,3,"Bostandyeff, Mr. Guentcho",0,0.32143754712239253,0.0,0.0,0.015411575213749286,1
630,0,3,"O'Connell, Mr. Patrick D",0,0.34656948982156316,0.0,0.0,0.015094396337354966,3
631,1,1,"Barkworth, Mr. Algernon Henry Wilson",0,1.0,0.0,0.0,0.05855610025741262,1
632,0,3,"Lundahl, Mr. Johan Svensson",0,0.6355868308620256,0.0,0.0,0.013768881414528002,1
633,1,1,"Stahelin-Maeglin, Dr. Max",0,0.39683337521990447,0.0,0.0,0.05953203526170282,2
634,0,1,"Parr, Mr. William Henry Marsh",0,0.34656948982156316,0.0,0.0,0.0,1
635,0,3,"Skoog, Miss. Mabel",1,0.10781603417944208,0.375,0.3333333333333333,0.05445717323939373,1
636,1,2,"Davis, Miss. Mary",1,0.34656948982156316,0.0,0.0,0.025374310111545468,1
637,0,3,"Leinonen, Mr. Antti Gustaf",0,0.39683337521990447,0.0,0.0,0.015468569817999833,1
638,0,2,"Collyer, Mr. Harvey",0,0.38426740387031916,0.125,0.16666666666666666,0.05123658772523604,1
639,0,3,"Panula, Mrs. Juha (Maria Emilia Ojala)",1,0.5099271173661725,0.0,0.8333333333333333,0.07746484096553544,1
640,0,3,"Thorneycroft, Mr. Percival",0,0.34656948982156316,0.125,0.0,0.031425107138144774,1
641,0,3,"Jensen, Mr. Hans Peder",0,0.24604171902488062,0.0,0.0,0.015330377421392339,1
642,1,1,"Sagesser, Mlle. Emma",1,0.2963056044232219,0.0,0.0,0.13526459159462315,2
643,0,3,"Skoog, Miss. Margit Elizabeth",1,0.01985423473234481,0.375,0.3333333333333333,0.05445717323939373,1
644,1,3,"Foo, Mr. Choong",0,0.34656948982156316,0.0,0.0,0.11027245763075773,1
645,1,3,"Baclini, Miss. Eugenie",1,0.0041467705453631576,0.25,0.16666666666666666,0.03758969818624431,2
646,1,1,"Harper, Mr. Henry Sleeper",0,0.5978889168132697,0.125,0.0,0.1497654242623688,2
647,0,3,"Cor, Mr. Liudevit",0,0.2334757476752953,0.0,0.0,0.015411575213749286,1
648,1,1,"Simonius-Blumer, Col. Oberst Alfons",0,0.6984166876099522,0.0,0.0,0.06929138530460494,2
649,0,3,"Willey, Mr. Edward",0,0.34656948982156316,0.0,0.0,0.014736618564782174,1
650,1,3,"Stanley, Miss. Amy Zillah Elsie",1,0.2837396330736366,0.0,0.0,0.014736618564782174,1
651,0,3,"Mitkoff, Mr. Mito",0,0.34656948982156316,0.0,0.0,0.015411575213749286,1
652,1,2,"Doling, Miss. Elsie",1,0.22090977632571,0.0,0.16666666666666666,0.044893010197349675,1
653,0,3,"Kalvik, Mr. Johannes Halvorsen",0,0.2586076903744659,0.0,0.0,0.01646070534336126,1
654,1,3,"O'Leary, Miss. Hanora ""Norah""",1,0.34656948982156316,0.0,0.0,0.015281580671177828,3
655,0,3,"Hegarty, Miss. Hanora ""Nora""",1,0.22090977632571,0.0,0.0,0.013175122557917838,3
656,0,2,"Hickman, Mr. Leonard Mark",0,0.2963056044232219,0.25,0.0,0.1434624456306609,1
657,0,3,"Radeff, Mr. Alexander",0,0.34656948982156316,0.0,0.0,0.015411575213749286,1
658,0,3,"Bourke, Mrs. John (Catherine)",1,0.39683337521990447,0.125,0.16666666666666666,0.030253985132996517,3
659,0,2,"Eitemiller, Mr. George Floyd",0,0.2837396330736366,0.0,0.0,0.025374310111545468,1
660,0,1,"Newell, Mr. Arthur Webster",0,0.723548630309123,0.0,0.3333333333333333,0.22109807522194713,2
661,1,1,"Frauenthal, Dr. Henry William",0,0.6230208595124404,0.25,0.0,0.2608674266467732,1
662,0,3,"Badt, Mr. Mohamed",0,0.49736114601658704,0.0,0.0,0.014102260811993537,2
663,0,1,"Colley, Mr. Edward Pomeroy",0,0.5853229454636844,0.0,0.0,0.04994347384455151,1
664,0,3,"Coleff, Mr. Peju",0,0.4470972606182458,0.0,0.0,0.014630827210317117,1
665,1,3,"Lindqvist, Mr. Eino William",0,0.24604171902488062,0.125,0.0,0.015468569817999833,1
666,0,2,"Hickman, Mr. Lewis",0,0.39683337521990447,0.25,0.0,0.1434624456306609,1
667,0,2,"Butler, Mr. Reginald Fenton",0,0.3088715757728072,0.0,0.0,0.025374310111545468,1
668,0,3,"Rommetvedt, Mr. Knud Paust",0,0.34656948982156316,0.0,0.0,0.015175789316712771,1
669,0,3,"Cook, Mr. Jacob",0,0.5350590600653431,0.0,0.0,0.015712553569072387,1
670,1,1,"Taylor, Mrs. Elmer Zebley (Juliet Cummins Wright)",1,0.34656948982156316,0.125,0.0,0.10149724044618187,1
671,1,2,"Brown, Mrs. Thomas William Solomon (Elizabeth Catherine Ford)",1,0.49736114601658704,0.125,0.16666666666666666,0.07612293033463641,1
672,0,1,"Davidson, Mr. Thornton",0,0.38426740387031916,0.125,0.0,0.10149724044618187,1
673,0,2,"Mitchell, Mr. Henry Michael",0,0.8743402865041467,0.0,0.0,0.020494635090094415,1
674,1,2,"Wilhelms, Mr. Charles",0,0.38426740387031916,0.0,0.0,0.025374310111545468,1
675,0,2,"Watson, Mr. Ennis Hastings",0,0.34656948982156316,0.0,0.0,0.0,1
676,0,3,"Edvardsson, Mr. Gustaf Hjalmar",0,0.22090977632571,0.0,0.0,0.015175789316712771,1
677,0,3,"Sawyer, Mr. Frederick Charles",0,0.30258859009801453,0.0,0.0,0.015712553569072387,1
678,1,3,"Turja, Miss. Anna Sofia",1,0.22090977632571,0.0,0.0,0.019209719063445922,1
679,0,3,"Goodwin, Mrs. Frederick (Augusta Tyler)",1,0.5350590600653431,0.125,1.0,0.09154270340242172,1
680,1,1,"Cardeza, Mr. Thomas Drake Martinez",0,0.4470972606182458,0.0,0.16666666666666666,1.0,2
681,0,3,"Peters, Miss. Katie",1,0.34656948982156316,0.0,0.0,0.01588334219482317,3
682,1,1,"Hassab, Mr. Hammad",0,0.33400351847197784,0.0,0.0,0.1497654242623688,2
683,0,3,"Olsvigen, Mr. Thor Anderson",0,0.24604171902488062,0.0,0.0,0.01800600082915438,1
684,0,3,"Goodwin, Mr. Charles Edward",0,0.17064589092736868,0.625,0.3333333333333333,0.09154270340242172,1
685,0,2,"Brown, Mr. Thomas William Solomon",0,0.7486805730082936,0.125,0.16666666666666666,0.07612293033463641,1
686,0,2,"Laroche, Mr. Joseph Philippe Lemercier",0,0.3088715757728072,0.125,0.3333333333333333,0.08115719346076702,2
687,0,3,"Panula, Mr. Jaako Arnold",0,0.17064589092736868,0.5,0.16666666666666666,0.07746484096553544,1
688,0,3,"Dakic, Mr. Branko",0,0.2334757476752953,0.0,0.0,0.019852079483269742,1
689,0,3,"Fischer, Mr. Eberhard Thelander",0,0.22090977632571,0.0,0.0,0.015216388212891242,1
690,1,1,"Madill, Miss. Georgette Alexandra",1,0.18321186227695402,0.0,0.16666666666666666,0.41250332793836464,1
691,1,1,"Dick, Mr. Albert Adrian",0,0.38426740387031916,0.125,0.0,0.11125659048908397,1
692,1,3,"Karun, Miss. Manca",1,0.04498617743151546,0.0,0.16666666666666666,0.026187654344120927,2
693,1,3,"Lam, Mr. Ali",0,0.34656948982156316,0.0,0.0,0.11027245763075773,1
694,0,3,"Saad, Mr. Khalil",0,0.3088715757728072,0.0,0.0,0.014102260811993537,2
695,0,1,"Weir, Col. John",0,0.7486805730082936,0.0,0.0,0.051822148727810165,1
696,0,2,"Chapman, Mr. Charles Henry",0,0.648152802211611,0.0,0.0,0.026350245115835676,1
697,0,3,"Kelly, Mr. James",0,0.5476250314149284,0.0,0.0,0.015712553569072387,1
698,1,3,"Mullens, Miss. Katherine ""Katie""",1,0.34656948982156316,0.0,0.0,0.015094396337354966,3
699,0,1,"Thayer, Mr. John Borland",0,0.610454888162855,0.125,0.16666666666666666,0.21642978772242535,2
700,0,3,"Humblen, Mr. Adolf Mathias Nicolai Olsen",0,0.5224930887157577,0.0,0.0,0.014931805565640218,1
701,1,1,"Astor, Mrs. John Jacob (Madeleine Talmadge Force)",1,0.22090977632571,0.125,0.0,0.4440992237022602,2
702,1,1,"Silverthorne, Mr. Spencer Victor",0,0.4345312892686604,0.0,0.0,0.05130978285055781,1
703,0,3,"Barbara, Miss. Saiide",1,0.22090977632571,0.0,0.16666666666666666,0.028212719478023115,2
704,0,3,"Gallagher, Mr. Martin",0,0.3088715757728072,0.0,0.0,0.015110792045427042,3
705,0,3,"Hansen, Mr. Henrik Juul",0,0.32143754712239253,0.125,0.0,0.015330377421392339,1
706,0,2,"Morley, Mr. Henry Samuel (""Mr Henry Marshall"")",0,0.4847951746670017,0.0,0.0,0.050748620223090936,1
707,1,2,"Kelly, Mrs. Florence ""Fannie""",1,0.5601910027645137,0.0,0.0,0.026350245115835676,1
708,1,1,"Calderhead, Mr. Edward Pennington",0,0.5224930887157577,0.0,0.0,0.05130978285055781,1
709,1,1,"Cleaver, Miss. Alice",1,0.2711736617240512,0.0,0.0,0.29580589980036276,1
710,1,3,"Moubarek, Master. Halim Gonios (""William George"")",0,0.04498617743151546,0.125,0.16666666666666666,0.029757819776815374,2
711,1,1,"Mayne, Mlle. Berthe Antonine (""Mrs de Villiers"")",1,0.2963056044232219,0.0,0.0,0.09662576327876685,2
712,0,1,"Klaber, Mr. Herman",0,0.34656948982156316,0.0,0.0,0.051822148727810165,1
713,1,1,"Taylor, Mr. Elmer Zebley",0,0.5978889168132697,0.125,0.0,0.10149724044618187,1
714,0,3,"Larsson, Mr. August Viktor",0,0.35913546117114853,0.0,0.0,0.018510168852370702,1
715,0,2,"Greenberg, Mr. Samuel",0,0.648152802211611,0.0,0.0,0.025374310111545468,1
716,0,3,"Soholt, Mr. Peter Andreas Lauritz Andersen",0,0.2334757476752953,0.0,0.0,0.014931805565640218,1
717,1,1,"Endres, Miss. Caroline Louise",1,0.4722292033174164,0.0,0.0,0.4440992237022602,2
718,1,2,"Troutt, Miss. Edwina Celia ""Winnie""",1,0.33400351847197784,0.0,0.0,0.020494635090094415,1
719,0,3,"McEvoy, Mr. Michael",0,0.34656948982156316,0.0,0.0,0.030253985132996517,3
720,0,3,"Johnson, Mr. Malkolm Joackim",0,0.4093993465694898,0.0,0.0,0.015175789316712771,1
721,1,2,"Harper, Miss. Annie Jessie ""Nina""",1,0.0701181201306861,0.0,0.16666666666666666,0.06441171028315387,1
722,0,3,"Jensen, Mr. Svend Lauritz",0,0.20834380497612465,0.125,0.0,0.013768881414528002,1
723,0,2,"Gillespie, Mr. William Henry",0,0.4219653179190751,0.0,0.0,0.025374310111545468,1
724,0,2,"Hodges, Mr. Henry Price",0,0.6230208595124404,0.0,0.0,0.025374310111545468,1
725,1,1,"Chambers, Mr. Norman Campbell",0,0.33400351847197784,0.125,0.0,0.10364429745562033,1
726,0,3,"Oreskovic, Mr. Luka",0,0.24604171902488062,0.0,0.0,0.016908073949327893,1
727,1,2,"Renouf, Mrs. Peter Henry (Lillian Jefferys)",1,0.37170143252073384,0.375,0.0,0.04098927018018883,1
728,1,3,"Mannion, Miss. Margareth",1,0.34656948982156316,0.0,0.0,0.015102594191391004,3
729,0,2,"Bryhl, Mr. Kurt Arnold Gottfrid",0,0.3088715757728072,0.125,0.0,0.050748620223090936,1
730,0,3,"Ilmakangas, Miss. Pieta Sofia",1,0.3088715757728072,0.125,0.0,0.015468569817999833,1
731,1,1,"Allen, Miss. Elisabeth Walton",1,0.35913546117114853,0.0,0.0,0.41250332793836464,1
732,0,3,"Hassan, Mr. Houssein G N",0,0.1329479768786127,0.0,0.0,0.036670757786204655,2
733,0,2,"Knight, Mr. Robert J",0,0.34656948982156316,0.0,0.0,0.0,1
734,0,2,"Berriman, Mr. William John",0,0.2837396330736366,0.0,0.0,0.025374310111545468,1
735,0,2,"Troupiansky, Mr. Moses Aaron",0,0.2837396330736366,0.0,0.0,0.025374310111545468,1
736,0,3,"Williams, Mr. Leslie",0,0.35285247549635584,0.0,0.0,0.031425107138144774,1
737,0,3,"Ford, Mrs. Edward (Margaret Ann Watson)",1,0.5978889168132697,0.125,0.5,0.06709553154495196,1
738,1,1,"Lesurer, Mr. Gustave J",0,0.4345312892686604,0.0,0.0,1.0,2
739,0,3,"Ivanoff, Mr. Kanio",0,0.34656948982156316,0.0,0.0,0.015411575213749286,1
740,0,3,"Nankoff, Mr. Minko",0,0.34656948982156316,0.0,0.0,0.015411575213749286,1
741,1,1,"Hawksford, Mr. Walter James",0,0.34656948982156316,0.0,0.0,0.05855610025741262,1
742,0,1,"Cavendish, Mr. Tyrell William",0,0.4470972606182458,0.125,0.0,0.15390495017656614,1
743,1,1,"Ryerson, Miss. Susan Parker ""Suzette""",1,0.2586076903744659,0.25,0.3333333333333333,0.5121218935012878,2
744,0,3,"McNamee, Mr. Neal",0,0.2963056044232219,0.125,0.0,0.031425107138144774,1
745,1,3,"Stranden, Mr. Juho",0,0.38426740387031916,0.0,0.0,0.015468569817999833,1
746,0,1,"Crosby, Capt. Edward Gifford",0,0.8743402865041467,0.125,0.16666666666666666,0.13858277060920987,1
747,0,3,"Abbott, Mr. Rossmore Edward",0,0.19577783362653933,0.125,0.16666666666666666,0.03952536767375352,1
748,1,2,"Sinkkonen, Miss. Anna",1,0.37170143252073384,0.0,0.0,0.025374310111545468,1
749,0,1,"Marvin, Mr. Daniel Warner",0,0.2334757476752953,0.125,0.0,0.10364429745562033,1
750,0,3,"Connaghton, Mr. Michael",0,0.38426740387031916,0.0,0.0,0.015126992566498259,3
751,1,2,"Wells, Miss. Joan",1,0.04498617743151546,0.125,0.16666666666666666,0.044893010197349675,1
752,1,3,"Moor, Master. Meier",0,0.0701181201306861,0.0,0.16666666666666666,0.024349578357040744,1
753,0,3,"Vande Velde, Mr. Johannes Joseph",0,0.4093993465694898,0.0,0.0,0.018542765081513996,1
754,0,3,"Jonkoff, Mr. Lalio",0,0.2837396330736366,0.0,0.0,0.015411575213749286,1
755,1,2,"Herman, Mrs. Samuel (Jane Laver)",1,0.5978889168132697,0.125,0.3333333333333333,0.12687155055772734,1
756,1,2,"Hamalainen, Master. Viljo",0,0.003141492837396331,0.125,0.16666666666666666,0.028302115124416098,1
757,0,3,"Carlsson, Mr. August Sigfrid",0,0.34656948982156316,0.0,0.0,0.015216388212891242,1
758,0,2,"Bailey, Mr. Percy Andrew",0,0.22090977632571,0.0,0.0,0.022446505098674838,1
759,0,3,"Theobald, Mr. Thomas Leonard",0,0.4219653179190751,0.0,0.0,0.015712553569072387,1
760,1,1,"Rothes, the Countess. of (Lucy Noel Martha Dyer-Edwards)",1,0.4093993465694898,0.0,0.0,0.16883675574220638,1
761,0,3,"Garfirth, Mr. John",0,0.34656948982156316,0.0,0.0,0.028302115124416098,1
762,0,3,"Nirva, Mr. Iisakki Antino Aijo",0,0.5099271173661725,0.0,0.0,0.013907073811135496,1
763,1,3,"Barah, Mr. Hanna Assi",0,0.24604171902488062,0.0,0.0,0.014110458666029575,2
764,1,1,"Carter, Mrs. William Ernest (Lucile Polk)",1,0.4470972606182458,0.125,0.3333333333333333,0.23422440102965048,1
765,0,3,"Eklund, Mr. Hans Linus",0,0.19577783362653933,0.0,0.0,0.015175789316712771,1
766,1,1,"Hogeboom, Mrs. John C (Anna Andrews)",1,0.6355868308620256,0.125,0.0,0.15216446768991498,1
767,0,1,"Brewe, Dr. Arthur Jackson",0,0.34656948982156316,0.0,0.0,0.07729405233978466,2
768,0,3,"Mangan, Miss. Mary",1,0.3779844181955265,0.0,0.0,0.015126992566498259,3
769,0,3,"Moran, Mr. Daniel J",0,0.34656948982156316,0.125,0.0,0.04713766070721715,3
770,0,3,"Gronnestad, Mr. Daniel Danielsen",0,0.39683337521990447,0.0,0.0,0.016322512946753766,1
771,0,3,"Lievens, Mr. Rene Aime",0,0.2963056044232219,0.0,0.0,0.018542765081513996,1
772,0,3,"Jensen, Mr. Niels Peder",0,0.5978889168132697,0.0,0.0,0.015330377421392339,1
773,0,2,"Mack, Mrs. (Mary)",1,0.7109826589595376,0.0,0.0,0.020494635090094415,1
774,0,3,"Elias, Mr. Dibo",0,0.34656948982156316,0.0,0.0,0.014102260811993537,2
775,1,2,"Hocking, Mrs. Elizabeth (Eliza Needs)",1,0.6732847449107816,0.125,0.5,0.044893010197349675,1
776,0,3,"Myhrman, Mr. Pehr Fabian Oliver Malkolm",0,0.22090977632571,0.0,0.0,0.015126992566498259,1
777,0,3,"Tobin, Mr. Roger",0,0.34656948982156316,0.0,0.0,0.015126992566498259,3
778,1,3,"Emanuel, Miss. Virginia Ethel",1,0.05755214878110078,0.0,0.0,0.024349578357040744,1
779,0,3,"Kilgannon, Mr. Thomas J",0,0.34656948982156316,0.0,0.0,0.015102594191391004,3
780,1,1,"Robert, Mrs. Edward Scott (Elisabeth Walton McMillan)",1,0.5350590600653431,0.0,0.16666666666666666,0.41250332793836464,1
781,1,3,"Ayoub, Miss. Banoura",1,0.15807991957778336,0.0,0.0,0.014110458666029575,2
782,1,1,"Dick, Mrs. Albert Adrian (Vera Gillespie)",1,0.20834380497612465,0.125,0.0,0.11125659048908397,1
783,0,1,"Long, Mr. Milton Clyde",0,0.35913546117114853,0.0,0.0,0.05855610025741262,1
784,0,3,"Johnston, Mr. Andrew G",0,0.04498617743151546,0.125,0.3333333333333333,0.04577135170121086,1
785,0,3,"Ali, Mr. William",0,0.3088715757728072,0.0,0.0,0.013760683560491965,1
786,0,3,"Harmer, Mr. Abraham (David Lishin)",0,0.3088715757728072,0.0,0.0,0.014151057562208049,1
787,1,3,"Sjoblom, Miss. Anna Sofia",1,0.22090977632571,0.0,0.0,0.014630827210317117,1
788,0,3,"Rice, Master. George Hugh",0,0.09525006282985675,0.5,0.16666666666666666,0.05684821399990475,3
789,1,3,"Dean, Master. Bertram Vere",0,0.007288263382759488,0.125,0.3333333333333333,0.04015972542654215,1
790,0,1,"Guggenheim, Mr. Benjamin",0,0.5727569741140991,0.0,0.0,0.15458810467956932,2
791,0,3,"Keane, Mr. Andrew ""Andy""",0,0.34656948982156316,0.0,0.0,0.015126992566498259,3
792,0,2,"Gaskell, Mr. Alfred",0,0.19577783362653933,0.0,0.0,0.050748620223090936,1
793,0,3,"Sage, Miss. Stella Anna",1,0.05755214878110078,1.0,0.3333333333333333,0.13575255909676825,1
794,0,1,"Hoyt, Mr. William Fisher",0,0.34656948982156316,0.0,0.0,0.05991421140938287,2
795,0,3,"Dantcheff, Mr. Ristiu",0,0.3088715757728072,0.0,0.0,0.015411575213749286,1
796,0,2,"Otter, Mr. Richard",0,0.4847951746670017,0.0,0.0,0.025374310111545468,1
797,1,1,"Leader, Dr. Alice (Farnham)",1,0.610454888162855,0.0,0.0,0.050610427826483444,1
798,1,3,"Osman, Mrs. Mara",1,0.38426740387031916,0.0,0.0,0.016948672845506364,1
799,0,3,"Ibrahim Shawah, Mr. Yousseff",0,0.37170143252073384,0.0,0.0,0.014110458666029575,2
800,0,3,"Van Impe, Mrs. Jean Baptiste (Rosalie Paula Govaert)",1,0.37170143252073384,0.125,0.16666666666666666,0.04713766070721715,1
801,0,2,"Ponesell, Mr. Martin",0,0.4219653179190751,0.0,0.0,0.025374310111545468,1
802,1,2,"Collyer, Mrs. Harvey (Charlotte Annie Tate)",1,0.38426740387031916,0.125,0.16666666666666666,0.05123658772523604,1
803,1,1,"Carter, Master. William Thornton II",0,0.1329479768786127,0.125,0.3333333333333333,0.23422440102965048,1
804,1,3,"Thomas, Master. Assad Alexander",0,0.0,0.0,0.16666666666666666,0.016623491302076868,2
805,1,3,"Hedman, Mr. Oskar Arvid",0,0.33400351847197784,0.0,0.0,0.013614293309848433,1
806,0,3,"Johansson, Mr. Karl Johan",0,0.38426740387031916,0.0,0.0,0.015175789316712771,1
807,0,1,"Andrews, Mr. Thomas Jr",0,0.4847951746670017,0.0,0.0,0.0,1
808,0,3,"Pettersson, Miss. Ellen Natalia",1,0.22090977632571,0.0,0.0,0.015175789316712771,1
809,0,2,"Meyer, Mr. August",0,0.4847951746670017,0.0,0.0,0.025374310111545468,1
810,1,1,"Chambers, Mrs. Norman Campbell (Bertha Griggs)",1,0.4093993465694898,0.125,0.0,0.10364429745562033,1
811,0,3,"Alexander, Mr. William",0,0.32143754712239253,0.0,0.0,0.015395374692678068,1
812,0,3,"Lester, Mr. James",0,0.4847951746670017,0.0,0.0,0.04713766070721715,1
813,0,2,"Slemen, Mr. Richard James",0,0.4345312892686604,0.0,0.0,0.020494635090094415,1
814,0,3,"Andersson, Miss. Ebba Iris Alfrida",1,0.0701181201306861,0.5,0.3333333333333333,0.06104473451835265,1
815,0,3,"Tomlin, Mr. Ernest Portage",0,0.3779844181955265,0.0,0.0,0.015712553569072387,1
816,0,1,"Fry, Mr. Richard",0,0.34656948982156316,0.0,0.0,0.0,1
817,0,3,"Heininen, Miss. Wendla Maria",1,0.2837396330736366,0.0,0.0,0.015468569817999833,1
818,0,2,"Mallet, Mr. Albert",0,0.38426740387031916,0.125,0.16666666666666666,0.07222738817151159,2
819,0,3,"Holm, Mr. John Fredrik Alexander",0,0.5350590600653431,0.0,0.0,0.012589561555343713,1
820,0,3,"Skoog, Master. Karl Thorsten",0,0.12038200552902739,0.375,0.3333333333333333,0.05445717323939373,1
821,1,1,"Hays, Mrs. Charles Melville (Clara Jennings Gregg)",1,0.648152802211611,0.125,0.16666666666666666,0.18249984580226933,1
822,1,3,"Lulic, Mr. Nikola",0,0.33400351847197784,0.0,0.0,0.016908073949327893,1
823,0,1,"Reuchlin, Jonkheer. John George",0,0.4722292033174164,0.0,0.0,0.0,1
824,1,3,"Moor, Mrs. (Beila)",1,0.33400351847197784,0.0,0.16666666666666666,0.024349578357040744,1
825,0,3,"Panula, Master. Urho Abraham",0,0.01985423473234481,0.5,0.16666666666666666,0.07746484096553544,1
826,0,3,"Flynn, Mr. John",0,0.34656948982156316,0.0,0.0,0.013565496559633922,3
827,0,3,"Lam, Mr. Len",0,0.34656948982156316,0.0,0.0,0.11027245763075773,1
828,1,2,"Mallet, Master. Andre",0,0.007288263382759488,0.0,0.3333333333333333,0.07222738817151159,2
829,1,3,"McCormack, Mr. Thomas Joseph",0,0.34656948982156316,0.0,0.0,0.015126992566498259,3
830,1,1,"Stone, Mrs. George Nelson (Martha Evelyn)",1,0.7738125157074642,0.0,0.0,0.15614960068643363,1
831,1,3,"Yasbeck, Mrs. Antoni (Selini Alexander)",1,0.18321186227695402,0.125,0.0,0.028212719478023115,2
832,1,2,"Richards, Master. George Sibley",0,0.005152048253329982,0.125,0.16666666666666666,0.03659756266088288,1
833,0,3,"Saad, Mr. Amin",0,0.34656948982156316,0.0,0.0,0.014110458666029575,2
834,0,3,"Augustsson, Mr. Albert",0,0.2837396330736366,0.0,0.0,0.015330377421392339,1
835,0,3,"Allum, Mr. Owen George",0,0.22090977632571,0.0,0.0,0.016200521071217493,1
836,1,1,"Compton, Miss. Sara Rebecca",1,0.4847951746670017,0.125,0.16666666666666666,0.16231419173453318,2
837,0,3,"Pasic, Mr. Jakob",0,0.2586076903744659,0.0,0.0,0.016908073949327893,1
838,0,3,"Sirota, Mr. Maurice",0,0.34656948982156316,0.0,0.0,0.015712553569072387,1
839,1,3,"Chip, Mr. Chang",0,0.39683337521990447,0.0,0.0,0.11027245763075773,1
840,1,1,"Marechal, Mr. Pierre",0,0.34656948982156316,0.0,0.0,0.057970539254838485,2
841,0,3,"Alhomaki, Mr. Ilmari Rudolf",0,0.24604171902488062,0.0,0.0,0.015468569817999833,1
842,0,2,"Mudd, Mr. Thomas Charles",0,0.19577783362653933,0.0,0.0,0.020494635090094415,1
843,1,1,"Serepeca, Miss. Augusta",1,0.37170143252073384,0.0,0.0,0.060507970265993034,2
844,0,3,"Lemberopolous, Mr. Peter L",0,0.4282483035938678,0.0,0.0,0.012565163180236457,2
845,0,3,"Culumovic, Mr. Jeso",0,0.20834380497612465,0.0,0.0,0.016908073949327893,1
846,0,3,"Abbing, Mr. Anthony",0,0.5224930887157577,0.0,0.0,0.014736618564782174,1
847,0,3,"Sage, Mr. Douglas Bullen",0,0.04498617743151546,1.0,0.3333333333333333,0.13575255909676825,1
848,0,3,"Markoff, Mr. Marin",0,0.4345312892686604,0.0,0.0,0.015411575213749286,2
849,0,2,"Harper, Rev. John",0,0.34656948982156316,0.0,0.16666666666666666,0.06441171028315387,1
850,1,1,"Goldenberg, Mrs. Samuel L (Edwiga Grabowska)",1,0.34656948982156316,0.125,0.0,0.17391981561855152,2
851,0,3,"Andersson, Master. Sigvard Harald Elias",0,0.04498617743151546,0.5,0.3333333333333333,0.06104473451835265,1
852,0,3,"Svensson, Mr. Johan",0,0.9246041719024881,0.0,0.0,0.015175789316712771,1
853,0,3,"Boulos, Miss. Nourelain",1,0.10781603417944208,0.125,0.16666666666666666,0.029757819776815374,2
854,1,1,"Lines, Miss. Mary Conover",1,0.19577783362653933,0.0,0.16666666666666666,0.07690367833806856,1
855,0,2,"Carter, Mrs. Ernest Courtenay (Lilian Hughes)",1,0.5476250314149284,0.125,0.0,0.050748620223090936,1
856,1,3,"Aks, Mrs. Sam (Leah Rosen)",1,0.22090977632571,0.0,0.16666666666666666,0.018249984580226933,1
857,1,1,"Wick, Mrs. George Dennick (Mary Hitchcock)",1,0.5601910027645137,0.125,0.16666666666666666,0.32179836714362564,1
858,1,1,"Daly, Mr. Peter Denis ",0,0.6355868308620256,0.0,0.0,0.051822148727810165,1
859,1,3,"Baclini, Mrs. Solomon (Latifa Qurban)",1,0.2963056044232219,0.0,0.5,0.03758969818624431,2
860,0,3,"Razi, Mr. Raihed",0,0.34656948982156316,0.0,0.0,0.014110458666029575,2
861,0,3,"Hansen, Mr. Claus Peter",0,0.5099271173661725,0.25,0.0,0.027537567642055148,1
862,0,2,"Giles, Mr. Frederick Edward",0,0.2586076903744659,0.125,0.0,0.022446505098674838,1
863,1,1,"Swift, Mrs. Frederick Joel (Margaret Welles Barron)",1,0.5978889168132697,0.0,0.0,0.050610427826483444,1
864,0,3,"Sage, Miss. Dorothy Edith ""Dolly""",1,0.05755214878110078,1.0,0.3333333333333333,0.13575255909676825,1
865,0,2,"Gill, Mr. John William",0,0.2963056044232219,0.0,0.0,0.025374310111545468,1
866,1,2,"Bystrom, Mrs. (Karolina)",1,0.5224930887157577,0.0,0.0,0.025374310111545468,1
867,1,2,"Duran y More, Miss. Asuncion",1,0.33400351847197784,0.125,0.0,0.027049600139910042,2
868,0,1,"Roebling, Mr. Washington Augustus II",0,0.38426740387031916,0.0,0.0,0.09856123757927521,1
869,0,3,"van Melkebeke, Mr. Philemon",0,0.34656948982156316,0.0,0.0,0.018542765081513996,1
870,1,3,"Johnson, Master. Harold Theodor",0,0.04498617743151546,0.125,0.16666666666666666,0.021730754366528396,1
871,0,3,"Balkic, Mr. Cerin",0,0.32143754712239253,0.0,0.0,0.015411575213749286,1
872,1,1,"Beckwith, Mrs. Richard Leonard (Sallie Monypeny)",1,0.5853229454636844,0.125,0.16666666666666666,0.10257896680493714,1
873,0,1,"Carlsson, Mr. Frans Olof",0,0.4093993465694898,0.0,0.0,0.009759350042902102,1
874,0,3,"Vander Cruyssen, Mr. Victor",0,0.5853229454636844,0.0,0.0,0.017566830077223785,1
875,1,2,"Abelson, Mrs. Samuel (Hannah Wizosky)",1,0.34656948982156316,0.125,0.0,0.04684488020593009,2
876,1,3,"Najib, Miss. Adele Kiamie ""Jane""",1,0.18321186227695402,0.0,0.0,0.014102260811993537,2
877,0,3,"Gustafsson, Mr. Alfred Ossian",0,0.24604171902488062,0.0,0.0,0.019217721730481106,1
878,0,3,"Petroff, Mr. Nedelio",0,0.2334757476752953,0.0,0.0,0.015411575213749286,1
879,0,3,"Laleff, Mr. Kristo",0,0.34656948982156316,0.0,0.0,0.015411575213749286,1
880,1,1,"Potter, Mrs. Thomas Jr (Lily Alexenia Wilson)",1,0.6984166876099522,0.0,0.16666666666666666,0.16231419173453318,2
881,1,2,"Shelley, Mrs. William (Imanita Parrish Hall)",1,0.3088715757728072,0.0,0.16666666666666666,0.050748620223090936,1
882,0,3,"Markun, Mr. Johann",0,0.4093993465694898,0.0,0.0,0.015411575213749286,1
883,0,3,"Dahlberg, Miss. Gerda Ulrika",1,0.2711736617240512,0.0,0.0,0.02052723131923771,1
884,0,2,"Banfield, Mr. Frederick James",0,0.34656948982156316,0.0,0.0,0.020494635090094415,1
885,0,3,"Sutehall, Mr. Henry Jr",0,0.3088715757728072,0.0,0.0,0.013760683560491965,1
886,0,3,"Rice, Mrs. William (Margaret Norton)",1,0.4847951746670017,0.0,0.8333333333333333,0.05684821399990475,3
887,0,2,"Montvila, Rev. Juozas",0,0.33400351847197784,0.0,0.0,0.025374310111545468,1
888,1,1,"Graham, Miss. Margaret Edith",1,0.2334757476752953,0.0,0.0,0.05855610025741262,1
889,0,3,"Johnston, Miss. Catherine Helen ""Carrie""",1,0.05755214878110078,0.125,0.3333333333333333,0.04577135170121086,1
890,1,1,"Behr, Mr. Karl Howell",0,0.32143754712239253,0.0,0.0,0.05855610025741262,2
891,0,3,"Dooley, Mr. Patrick",0,0.39683337521990447,0.0,0.0,0.015126992566498259,3
